CREATE DATABASE  IF NOT EXISTS `biblidev` /*!40100 DEFAULT CHARACTER SET utf8mb4 COLLATE utf8mb4_0900_ai_ci */ /*!80016 DEFAULT ENCRYPTION='N' */;
USE `biblidev`;
-- MySQL dump 10.13  Distrib 8.0.26, for Win64 (x86_64)
--
-- Host: localhost    Database: biblidev
-- ------------------------------------------------------
-- Server version	8.0.21

/*!40101 SET @OLD_CHARACTER_SET_CLIENT=@@CHARACTER_SET_CLIENT */;
/*!40101 SET @OLD_CHARACTER_SET_RESULTS=@@CHARACTER_SET_RESULTS */;
/*!40101 SET @OLD_COLLATION_CONNECTION=@@COLLATION_CONNECTION */;
/*!50503 SET NAMES utf8 */;
/*!40103 SET @OLD_TIME_ZONE=@@TIME_ZONE */;
/*!40103 SET TIME_ZONE='+00:00' */;
/*!40014 SET @OLD_UNIQUE_CHECKS=@@UNIQUE_CHECKS, UNIQUE_CHECKS=0 */;
/*!40014 SET @OLD_FOREIGN_KEY_CHECKS=@@FOREIGN_KEY_CHECKS, FOREIGN_KEY_CHECKS=0 */;
/*!40101 SET @OLD_SQL_MODE=@@SQL_MODE, SQL_MODE='NO_AUTO_VALUE_ON_ZERO' */;
/*!40111 SET @OLD_SQL_NOTES=@@SQL_NOTES, SQL_NOTES=0 */;

--
-- Table structure for table `categorias_livros`
--

DROP TABLE IF EXISTS `categorias_livros`;
/*!40101 SET @saved_cs_client     = @@character_set_client */;
/*!50503 SET character_set_client = utf8mb4 */;
CREATE TABLE `categorias_livros` (
  `idcategoria` int NOT NULL AUTO_INCREMENT,
  `categoria` varchar(40) DEFAULT NULL,
  `ativo` tinyint(1) DEFAULT '1',
  `delrg` tinyint(1) DEFAULT '0',
  PRIMARY KEY (`idcategoria`)
) ENGINE=InnoDB AUTO_INCREMENT=83 DEFAULT CHARSET=utf8mb4 COLLATE=utf8mb4_0900_ai_ci;
/*!40101 SET character_set_client = @saved_cs_client */;

--
-- Dumping data for table `categorias_livros`
--

LOCK TABLES `categorias_livros` WRITE;
/*!40000 ALTER TABLE `categorias_livros` DISABLE KEYS */;
INSERT INTO `categorias_livros` VALUES (1,'Ação',1,0),(2,'Pedagogia',1,0),(3,'Aventura',1,0),(4,'Biografia',1,0),(5,'Poesia',1,0),(6,'História',1,0),(7,'Contos Brasileiros',1,0),(8,'Contos',1,0),(9,'Literatura Brasileira',1,0),(10,'Contos Russos',1,0),(11,'Literatura Infanto Juvenil',1,0),(12,'Educacional',1,0),(13,'Crônicas Brasileiras',1,0),(14,'Medicina',1,0),(15,'Direitos Humanos',1,0),(16,'Ecologia',1,0),(17,'Ficção',1,0),(18,'Ficção Policial',1,0),(19,'Literatura Portuguesa',1,0),(20,'Literatura Inglesa',1,0),(21,'Literatura Juvenil',1,0),(22,'Paradidatico',1,0),(23,'Matemática',1,0),(24,'Fabula Francesa',1,0),(25,'Romance',1,0),(26,'Romance Brasileiro',1,0),(27,'Romance Angolano',1,0),(28,'Português',1,0),(29,'Física',1,0),(30,'Teatro',1,0),(31,'Psicologia',1,0),(32,'Romance Ingles',1,0),(33,'Romance Chileno',1,0),(34,'Romance Israelence',1,0),(35,'Romance Italiano',1,0),(36,'Saúde',1,0),(37,'Sociologia',1,0),(38,'Geografia',1,0),(39,'Artes',1,0),(40,'Literatura Portuguesa',1,0),(41,'Inglês',1,0),(42,'Romance Português',1,0),(43,'Arquitetura e Urbanismo',1,0),(44,'Cidadania',1,0),(45,'Educação Ambiental',1,0),(46,'Botânica',1,0),(47,'Literatura de Cordel',1,0),(48,'Crônica Brasileira',1,0),(49,'Romance Francês',1,0),(50,'Quimica',1,0),(51,'História em Quadrinhos',1,0),(52,'Ciências',1,0),(53,'Teatro',1,0),(54,'Biologia',1,0),(55,'Educação Sexual',1,0),(56,'Agricultura',1,0),(57,'Cães',1,0),(58,'Comunicação',1,0),(59,'Conto de Fadas',1,0),(60,'Ciências Sociais',1,0),(61,'Entendendo o Brasil',1,0),(62,'Alimentação',1,0),(63,'Cinema',1,0),(64,'Filosofia',1,0),(65,'Esportes',1,0),(66,'Educação Física',1,0),(67,'Folclore',1,0),(68,'Espanhol',1,0),(69,'Economia',1,0),(70,'Música',1,0),(71,'Terror',1,0),(72,'Televisão',1,0),(73,'Biodiversidade',1,0),(74,'Egito',1,0),(75,'Religião',1,0),(76,'Romance Argentino',1,0),(77,'Tecnologia',1,0),(78,'Conhecimentos Gerais',1,0),(79,'Ações Afirmativas',1,0),(80,'Jornalismo',1,0),(81,'Elétrica',1,0),(82,'Drama',1,0);
/*!40000 ALTER TABLE `categorias_livros` ENABLE KEYS */;
UNLOCK TABLES;

--
-- Table structure for table `emprestimos`
--

DROP TABLE IF EXISTS `emprestimos`;
/*!40101 SET @saved_cs_client     = @@character_set_client */;
/*!50503 SET character_set_client = utf8mb4 */;
CREATE TABLE `emprestimos` (
  `idemprestimo` int NOT NULL AUTO_INCREMENT,
  `iduser` int DEFAULT NULL,
  `data_reserva` date DEFAULT NULL,
  `hora_reserva` time DEFAULT NULL,
  `data_locacao` date DEFAULT NULL,
  `hora_locacao` time DEFAULT NULL,
  `data_devolucao` date DEFAULT NULL,
  `hora_devolucao` time DEFAULT NULL,
  `delrg` tinyint(1) DEFAULT '0',
  PRIMARY KEY (`idemprestimo`),
  KEY `iduser` (`iduser`),
  CONSTRAINT `emprestimos_ibfk_1` FOREIGN KEY (`iduser`) REFERENCES `usuarios` (`iduser`)
) ENGINE=InnoDB AUTO_INCREMENT=6 DEFAULT CHARSET=utf8mb4 COLLATE=utf8mb4_0900_ai_ci;
/*!40101 SET character_set_client = @saved_cs_client */;

--
-- Dumping data for table `emprestimos`
--

LOCK TABLES `emprestimos` WRITE;
/*!40000 ALTER TABLE `emprestimos` DISABLE KEYS */;
INSERT INTO `emprestimos` VALUES (1,1,'2021-10-27','22:02:53','2021-10-27','22:07:26',NULL,NULL,0),(2,1,'2021-10-29','22:06:28','2021-10-29','22:07:33','2021-11-22','22:10:54',0),(3,1,'2021-11-01','22:07:48','2021-11-01','22:18:23',NULL,NULL,0),(4,1,'2021-11-22','22:09:33',NULL,NULL,NULL,NULL,0),(5,1,'2021-11-22','22:18:03',NULL,NULL,NULL,NULL,0);
/*!40000 ALTER TABLE `emprestimos` ENABLE KEYS */;
UNLOCK TABLES;

--
-- Table structure for table `emprestimos_livros`
--

DROP TABLE IF EXISTS `emprestimos_livros`;
/*!40101 SET @saved_cs_client     = @@character_set_client */;
/*!50503 SET character_set_client = utf8mb4 */;
CREATE TABLE `emprestimos_livros` (
  `id` int NOT NULL AUTO_INCREMENT,
  `idemprestimo` int NOT NULL,
  `iduser` int DEFAULT NULL,
  `idlivro` int NOT NULL,
  `comentario` text,
  `delrg` tinyint(1) DEFAULT '0',
  PRIMARY KEY (`id`),
  KEY `iduser` (`iduser`),
  KEY `idemprestimo` (`idemprestimo`),
  KEY `idlivro` (`idlivro`),
  CONSTRAINT `emprestimos_livros_ibfk_2` FOREIGN KEY (`iduser`) REFERENCES `usuarios` (`iduser`),
  CONSTRAINT `emprestimos_livros_ibfk_3` FOREIGN KEY (`idemprestimo`) REFERENCES `emprestimos` (`idemprestimo`),
  CONSTRAINT `emprestimos_livros_ibfk_4` FOREIGN KEY (`idlivro`) REFERENCES `livros` (`idlivro`)
) ENGINE=InnoDB AUTO_INCREMENT=15 DEFAULT CHARSET=utf8mb4 COLLATE=utf8mb4_0900_ai_ci;
/*!40101 SET character_set_client = @saved_cs_client */;

--
-- Dumping data for table `emprestimos_livros`
--

LOCK TABLES `emprestimos_livros` WRITE;
/*!40000 ALTER TABLE `emprestimos_livros` DISABLE KEYS */;
INSERT INTO `emprestimos_livros` VALUES (1,1,1,338,NULL,0),(2,1,1,488,NULL,0),(3,2,1,338,NULL,0),(4,2,1,228,NULL,0),(5,2,1,719,NULL,0),(6,3,1,463,NULL,0),(7,3,1,71,NULL,0),(8,3,1,296,NULL,0),(9,4,1,464,NULL,0),(10,4,1,300,NULL,0),(11,4,1,782,NULL,0),(12,5,1,784,NULL,0),(13,5,1,693,NULL,0),(14,5,1,641,NULL,0);
/*!40000 ALTER TABLE `emprestimos_livros` ENABLE KEYS */;
UNLOCK TABLES;

--
-- Table structure for table `livros`
--

DROP TABLE IF EXISTS `livros`;
/*!40101 SET @saved_cs_client     = @@character_set_client */;
/*!50503 SET character_set_client = utf8mb4 */;
CREATE TABLE `livros` (
  `idlivro` int NOT NULL AUTO_INCREMENT,
  `isbn` varchar(20) NOT NULL,
  `titulo` varchar(120) DEFAULT NULL,
  `autores` varchar(120) DEFAULT NULL,
  `ano_publicacao` year DEFAULT NULL,
  `edicao` int DEFAULT NULL,
  `editora` varchar(120) DEFAULT NULL,
  `paginas` smallint DEFAULT NULL,
  `idcategoria` int NOT NULL,
  `quantidade` tinyint DEFAULT NULL,
  `ativo` tinyint(1) DEFAULT '1',
  `delrg` tinyint(1) DEFAULT '0',
  PRIMARY KEY (`isbn`),
  UNIQUE KEY `idlivro` (`idlivro`),
  KEY `idcategoria` (`idcategoria`),
  CONSTRAINT `livros_ibfk_1` FOREIGN KEY (`idcategoria`) REFERENCES `categorias_livros` (`idcategoria`)
) ENGINE=InnoDB AUTO_INCREMENT=848 DEFAULT CHARSET=utf8mb4 COLLATE=utf8mb4_0900_ai_ci;
/*!40101 SET character_set_client = @saved_cs_client */;

--
-- Dumping data for table `livros`
--

LOCK TABLES `livros` WRITE;
/*!40000 ALTER TABLE `livros` DISABLE KEYS */;
INSERT INTO `livros` VALUES (338,'194229629','Sherlock Holmes Two Plays','Arthur Conan Doyle',2000,1,'Difel',0,32,2,1,0),(228,'252090906x','E triunfo?','Aníbal M. Machado',1979,1,'Record',142,11,1,1,0),(488,'2850000911x','Mil e uma noites','Carlos Heitor Cony',2001,0,'Ediouro',242,11,1,1,0),(339,'39915185','The Queen of the South','Arturo Pérez Reverte',2004,1,'Educativa',0,32,1,1,0),(797,'435271555','Sugar and Candy','Elizabeth Laird',2000,1,'Heinemann',16,41,1,1,0),(531,'50300335x','Martim Cererê','Cassiano Ricardo',1989,18,'José Olympio',189,5,1,1,0),(719,'582533457','Gandhi His Life Was The Message','Donn Byrne',1983,1,'Longman',63,6,1,1,0),(161,'7471749323881','Plantando Axé','Ana Maria Bianchi',1999,1,'Nova Fronteira',0,6,1,1,0),(588,'788571133891','Oficina de gramática','Cida Sepulveda',2014,1,'Pontes',170,28,2,1,0),(78,'8440102097','Novos Rumos do Teatro','Alberto Miralles',2000,1,'Cosac Naify',280,10,1,1,0),(282,'8500005343','Novelas Paulistanas','Antonio de Alcantara Machado',2001,1,'Ediouro',138,31,2,1,0),(661,'8500011750','Ayrton Senna','Daniel Piza',2004,3,'Ediouro',142,4,1,1,0),(574,'8500013443','Explicando a Filosofia com Arte','Charles Feitosa',2004,1,'Ediouro',199,64,1,1,0),(483,'8500021136','Uma história de amor','Carlos Heitor Cony',2006,42,'Ediouro',82,11,1,1,0),(349,'8500113901','Uma vida em segredo','Autran Dourado',2001,1,'Ediouro',218,17,6,1,0),(671,'8500127902','Caes','David Alderton',2001,4,'Ediouro',303,57,1,1,0),(485,'8500182601','Ali Babá e os 40 Ladroes','Carlos Heitor Cony',1996,8,'Ediouro',89,11,1,1,0),(486,'8500182602','Ali Babá e os 40 Ladroes','Carlos Heitor Cony',1996,8,'Ediouro',89,11,1,1,0),(695,'8500207868','O Santo Inquerito','Dias Gomes',2001,20,'Ediouro',102,53,5,1,0),(638,'8500408979','O amante de Lady Chatterley','D. H. Lawrence',1998,1,'Publifolha',410,32,1,1,0),(102,'8500516844','Os três Mosqueteiros','Alexandre Dumas',0000,1,'Ediouro',138,17,1,1,0),(693,'8500622275x','Roque Santeiro ou O berço do Heroi','Dias Gomes',2001,4,'Ediouro',160,53,2,1,0),(468,'8501005460','Quatro vozes','Carlos Drummond de Andrade',1989,11,'Record',128,13,2,1,0),(641,'8501013633','Cemiterio de Elefantes','Dalton Trevisan',2001,22,'ABDR',107,26,1,1,0),(642,'8501016535','Quem tem medo de vampiro?','Dalton Trevisan',2001,15,'ABDR',103,7,1,1,0),(784,'8501025208','O outro lado do tabuleiro','Eliane Ganem',2004,13,'Record',173,11,1,1,0),(707,'8501045500','As noites das grandes Fogueiras','Domingos Meirelles',2001,8,'Record',765,5,4,1,0),(295,'8501046019','O carteiro e o poeta','Antonio Skarmeta',2001,1,'Ática',0,26,1,1,0),(296,'8501049743','Não foi nada','Antonio Skarmeta',2000,1,'Ática',17,26,1,1,0),(71,'8501054550','Gravidez na Adolescência','Albertina Duarte',1992,1,'Cosac Naify',280,10,1,1,0),(300,'8501055662','Meninos, eu conto','Antônio Torres',1999,1,'Avenida Gráfica e Editora',168,26,2,1,0),(297,'8501064378','A redação','Antônio Skármeta',2003,1,'Avenida Gráfica e Editora',168,26,1,1,0),(463,'850126107','Boi Tempo I','Carlos Drummond de Andrade',1998,5,'Record',190,13,1,1,0),(460,'850126123','Antologia Poética','Carlos Drummond de Andrade',2001,48,'ABDR',271,5,3,1,0),(464,'850126182','Boi Tempo II','Carlos Drummond de Andrade',2001,5,'Record',248,9,2,1,0),(782,'8502043439','Um email em vermelho','Eliana Martins',2003,1,'Saraiva',136,25,1,1,0),(786,'8503000725','Coisas de menino','Eliane Ganem',1978,1,'Olympio',142,11,1,1,0),(706,'850300089x','20 poemas de amor Pablo Neruda','Domingos de Carvalho',2001,20,'José Olympio',75,5,1,1,0),(462,'8503002485','Boi Tempo I','Carlos Drummond de Andrade',2001,18,'José Olympio',271,13,3,1,0),(229,'8503003252','A morte da Porta-Estandarte Tati, a garota e outras Histórias','Anibal Machado',1979,1,'Record',142,11,3,1,0),(380,'8503004089','Seleta','Bernardo Elis',1974,1,'José Olympio',178,7,1,1,0),(227,'8503007045','João Ternura por Aníbal M. Machado','Aníbal M. Machado',2012,1,'Peirópolis',230,11,4,1,0),(317,'8503007703','O Santo e a Porca','Ariano Suassuna',2003,1,'Veredas',125,30,3,1,0),(314,'8503007908','Uma mulher vestida de sol','Ariano Suassuna',2003,1,'Avenida Grafica e Editora',120,30,1,1,0),(437,'8504008010','A brasileira de Prazins','Camilo Castelo Branco',2004,1,'scipione',144,42,1,1,0),(448,'8504008134','Pinóquio','Carlo Collodi',2004,15,'Editora Nacional',135,11,1,1,0),(532,'8504009521','Vamos caçar papagaios','Cassiano Ricardo',2005,1,'Ed. Nacional',103,5,1,1,0),(795,'8506010527','O segredo do ídolo de barro','Elisabeth Loibl',1987,1,'Impresso no Brasil',96,25,1,1,0),(411,'8506014573','Ciência Divertida Ar','Brenda Walpole',1987,1,'Melhoramentos',40,52,1,1,0),(412,'850601459x','Ciencia divertida','Brenda Walpole',1991,1,'Melhoramentos',40,52,1,1,0),(726,'850601638x','O cotidiano no século XIX','E. R Chamberlin',1983,1,'Melhoramentos',0,6,1,1,0),(353,'85060178704','Lixo Nuclear','B. Gardiner',1993,5,'Melhoramentos',32,16,2,1,0),(451,'8506026520','Arquitetura Brasileira','Carlos A.C. Lemos',1979,1,'Melhoramentos',158,43,1,1,0),(678,'85060273202','Michelangelo - A Renascença','David Spence',1997,1,'Melhoramentos',31,39,1,1,0),(676,'85060280027',' Rembrandt A vida de um Retratista','David Spence',1997,1,'Melhoramentos',31,39,1,1,0),(675,'8506028035','Monet Impressionismo','David Spence',1998,1,'Melhoramentos',32,39,1,1,0),(677,'8506028051','Picasso - Quebrando as Regras','David Spence',1998,1,'Melhoramentos',30,39,1,1,0),(679,'8506030315','Renoir - Cor & Natureza','David Spence',2001,1,'Melhoramentos',31,39,1,1,0),(332,'8506041031','Amores Diversos','Arnaldo Antunes',1990,1,'Aleph',0,26,3,1,0),(626,'8506047773','Um amigo especial','Cristiane Pederiva',2006,1,'Melhoramentos',33,11,1,1,0),(251,'8508007159','Os Abolicionistas','Antonio Augusto Costa Faria',2003,1,'Record',127,33,6,1,0),(293,'85080091591','Gente em conflito','Antonio de Alcantara Machado',2004,1,'Artmed',335,27,1,1,0),(705,'8508009890','Física segundo grau','Djalma Merino',1994,11,'Editora Ave Maria',191,29,1,1,0),(171,'8508014880','História meio ao contrário','Ana Maria Machado',1993,1,'FDE',52,9,1,1,0),(84,'850801533x','Nazismo “O triunfo da vontade”','Alcir Lenharo',1998,1,'Moderna',18,13,1,1,0),(279,'8508024532','O renascimento','Antônio Carlos Olivieri',1989,1,'Prensa três',169,5,1,1,0),(132,'8508032005','Sociologia da Sociedade Brasileira','Álvaro de Vita',1996,1,'Publifolha',79,63,1,1,0),(729,'8508034547','O crime do Padre Amaro','Eça de Queiros',1991,4,'Ática',260,19,1,1,0),(792,'8508036078','A articulação do texto','Elisa Guimaraes',1990,1,'Ática',87,28,1,1,0),(389,'8508036086','Amazônia','Bertha K. Becker',2009,1,'Garamond',172,10,1,1,0),(226,'8508037481','A Revolução Francesa','Angus McBride',1994,1,'Martins Fontes',164,11,1,1,0),(712,'8508037724','A árvore que dava dinheiro','Domingos Pellegrini',1998,1,'Atica',128,11,1,1,0),(438,'8508037899','Inconfidencia Mineira','Cândida Villares Gancho',1991,1,'Ática',64,6,2,1,0),(301,'8508039182','Essa Terra','Antônio Torres',1991,1,'Avenida Gráfica e Editora',168,26,1,1,0),(184,'8508041942','Rapunzel // Os sete corvos – Contos de Grimm','Anastassija Archipowa',2010,1,'Ática',112,11,1,1,0),(185,'8508042353','Os seis criados do príncipe – Contos de Grimm','Anastassija Archipowa',1990,1,'Tribos',48,11,1,1,0),(187,'850804237x','A casa da floresta – Contos de Grimm','Anastassija Archipowa',2001,1,'Ediouro',300,11,1,1,0),(188,'8508042388','João Felizardo – Contos de Grimm','Anastassija Archipowa',2001,1,'Editora 34',234,11,1,1,0),(265,'8508043264','Homem Cordial e Outras Historias','Antonio Callado',2012,1,'Saraiva',74,5,1,1,0),(64,'8508043309','Sun And Light','Alair Alves de Carvalho',2001,1,'Contexto',181,10,1,1,0),(382,'850804447x','A escrava Isaura','Bernardo Guimaraes',1998,1,'Ática',133,26,1,1,0),(249,'8508045433','Aids o inimigo avança','Antonio A. Barone',2003,1,'Editora 34',234,23,1,1,0),(441,'8508047533','Inconfidencia Mineira','Carla Anastassia',1997,2,'Ática',40,6,1,1,0),(181,'8508048556','Aprendendo a escrever','Ana Teberosky',1994,1,'Ática',193,2,1,1,0),(709,'8508048893','Andando com Jesus','Domingos Pèlegrini',2003,4,'ABDR',123,75,1,1,0),(434,'8508051255','40 Horas de Esperança','Calazans Fernandes',1994,1,'Ática',223,2,2,1,0),(435,'8508051256','40 Horas de Esperança','Calazans Fernandes',1995,1,'Ática',224,2,1,1,0),(42,'8508052170','Porta de colégio','Affonso Romano de Sant´anna',1995,1,'Letras & Letras',72,4,1,1,0),(165,'8508052731','A Amazônia Mitos e Lendas','Ana Maria Machado',1997,1,'ABDR',96,51,1,1,0),(243,'8508053568','Lenin e a Revolução Russa','Antonella Salomoni',1997,1,'Moderna',63,20,1,1,0),(291,'8508055250','A revolução Praeira','Antonio Paulo Resende',1995,1,'Fontamar',277,26,1,1,0),(601,'8508058012','Historia da saude publica no Brasil','Claudi Bertolii Filho',1996,1,'Ática',71,6,1,1,0),(564,'8508058365','Genética o Estudo da Herança e da Variação Biologica','   ',1996,1,'Ática',40,54,1,1,0),(170,'8508063431','Explorando a América Latina','Ana Maria Machado',1993,1,'Editora 34',234,9,1,1,0),(617,'8508067690','O signo dos quatro','Conan Doyle',2002,1,'ABDR',155,32,1,1,0),(144,'8508071787','Inéditos e Dispersos: Poesia/Prosa','Ana Cristina Cesar',2010,1,'Ediçoes Paulinas',0,6,3,1,0),(798,'8508085346','Os segredos da arte','Elizabeth Newbery',2004,1,'Ática',63,39,1,1,0),(529,'8508090722','As primaveras','Casimiro de Abreu',2004,1,'ABDR',200,5,3,1,0),(510,'8508091591','Gente em conflito','Carmen Lucia Campos',2004,1,'ABDR',136,27,1,1,0),(428,'8510004056','Profissão Esperança','Caio Porfirio Carneiro',1985,1,'Ed. do Brasil',62,11,1,1,0),(83,'8510009597','Um  Jeito Vesgo de Ser','Alciene Ribeiro Leite',1990,1,'Moderna',31,13,1,1,0),(2,'851101246x','O que é Urbanismo','A.J. Gonçalves Jr.',2002,1,'Ática',143,1,1,1,0),(158,'8511012869','O que é história da ciência','Ana Maria Alfonso- Goldfarb',2012,1,'ABDR',0,6,1,1,0),(593,'85110204461982','A Afro-América: A escravidão no novo mundo','Ciro Flamarion S. Cardoso',1982,1,'Editora Brasiliense',120,6,1,1,0),(4,'8511110240','Poema Pedagogico Vol. 2','A.S. Makarenko',2003,1,'Civilizaçao brasoleira',147,2,2,1,0),(6,'8511140816','A sociedade Informatica','Adam Schaff',1990,1,'Record',142,3,1,1,0),(646,'8511200142','Robinson Crusoe','Daniel Defoe',1996,1,'Brasiliense',77,20,2,1,0),(760,'8516004341','Swallow Valley','Eduardo Amos',1992,1,'Moderna',31,41,1,1,0),(546,'851600466x','A violência no Brasil','Cecilia Pires',2000,1,'Moderna',71,61,1,1,0),(754,'8516005070','Sete gritos de terror','Edson Gabriel Garcia',1991,1,'Moderna',70,18,1,1,0),(497,'8516005291','Os amantes da Chuva','Carlos Queiroz Telles',1991,1,'Moderna',116,11,1,1,0),(603,'8516005925','A cara das minha ideias','Claudia Pacce',1991,6,'Moderna',31,11,1,1,0),(717,'8516009467','Luzia Homem','Domingos Olimpio',1993,1,'Moderna',152,9,1,1,0),(722,'851600967X','Antologia do conto brasileiro do romantismo ao Modernismo','Douglas Tufano',1994,1,'Moderna',120,7,9,1,0),(344,'8516012212','O gatinho Nicolau e a turma do quintal','Aurélio de Oliveira',1995,1,'Ouro sobre azul',272,26,1,1,0),(345,'8516012247','O gatinho Nicolau e os cinco anoezinhos','Aurélio de Oliveira',1995,1,'Peirópolis',79,26,1,1,0),(69,'8516014622','Da revolta ao crime S.A.','Alba Zaluar',1996,1,'Cortez',0,10,4,1,0),(843,'8516025861','Abaixo das canelas','Eva Furnari',2000,1,'Moderna',32,11,1,1,0),(842,'8516025888','Umbigo Indiscreto','Eva Furnari',2000,1,'Moderna',32,11,1,1,0),(841,'8516025896','Lolo Barnabé','Eva Furnari',2000,1,'Moderna',32,11,1,1,0),(167,'8516029492','Bisa Bia, Bisa Bel','Ana Maria Machado',2009,1,'Record',188,6,2,1,0),(480,'851602993x','O mistério das Aranhas verdes','Carlos Heitor Cony',2001,24,'Salamandra',119,11,2,1,0),(499,'8516034917','Sonhos, grilos e paixões','Carlos Queiroz Telles',2003,2,'Moderna',64,11,1,1,0),(360,'8516035182','Diário de Classe','Bartolomeu Campos de Queiros',2003,1,'Moderna',72,11,2,1,0),(166,'8516035743','Bem do seu tamanho','Ana Maria Machado',1968,1,'Scipione',37,51,2,1,0),(713,'8516035956','As batalhas do Castelo','Domingos Pellegrini',2003,2,'Moderna',208,11,1,1,0),(759,'8516037215','The Great Invention','Eduardo Amos',2003,2,'Moderna',32,41,1,1,0),(761,'8516040925','Seeds of Love','Eduardo Amos',2004,2,'Moderna',40,41,1,1,0),(493,'8516045676','Ecologia e cidadania','Carlos Minc',2005,2,'ABDR',152,44,3,1,0),(684,'8516046354','Iván, el Terrible','Délia Maria de Césaris',2005,2,'ABDR',39,11,2,1,0),(720,'8516047598','De Machado de Assis à Lourenço Diaféria','Douglas Tufano',2005,1,'ABDR',205,13,1,1,0),(247,'8516050572','Carlos Drummond de andrade','Antonieta Cunha',2006,1,'ABDR',71,28,1,1,0),(444,'8516050963','Burle Marx','Carla Caruso',2006,1,'ABDR',31,39,1,1,0),(24,'8516074289','Gramática de Espanol','Adrian Fanjul',2003,1,'Itau Cultural',94,4,1,1,0),(330,'85200000x','O Vôo das Gazelas','Armando Nogueira',2016,1,'Aleph',0,65,1,1,0),(582,'8520001368','Calabar o elogio da traição','Chico Buarque de Holanda',2001,25,'civilização brasileira',109,30,2,1,0),(580,'8520003907','Gota d´água','Chico Buarque de Holanda',1996,26,'Civilização Brasileira',192,53,1,1,0),(699,'8520006384','O Bem - Amado','Dias Gomes',2001,3,'Bertrand Brasil',137,53,1,1,0),(598,'852041186x','Atividade Física e Obesidade','Claude Bouchard',2003,1,'CIP',469,36,1,1,0),(337,'8520904130','Um Estudo em Vermelho','Arthur Conan Doyle',2001,1,'Cosac Naify',280,32,3,1,0),(539,'8520904378','Viagem e Vaga Musica','Cecilia Meireles',1982,4,'Nova Fronteira',282,5,1,1,0),(541,'8520908906','Poesia Completa','Cecilia Meireles',1997,2,'Nova Fronteira',325,5,1,1,0),(176,'8520912109','Texturas','Ana Maria Machado',1998,1,'JC',80,9,1,1,0),(55,'8520915361','As Aventura em Bagdá','Agatha Christie',1980,1,'Melhoramentos',0,8,4,1,0),(542,'8520917496','Solombra','Cecilia Meireles',2005,1,'Vida Melhor',179,5,1,1,0),(547,'8521900155','A roda e o registro','Cecilia Wardchauer',2001,3,'Paz e terra',235,2,1,1,0),(391,'852190326x','Teatro Completo','Bertolt Brecht',1991,1,'Paz e terra',0,53,1,1,0),(53,'8521905238','São Paulo de meus amores','Afonso Schmidt',2003,1,'Editora cultrix',0,8,1,1,0),(321,'8522003629','A pena e a lei','Ariano Suassuna',1998,1,'Jose Olympio',80,30,1,1,0),(657,'852200420X','Vira-Lata Virador','Daniel Pennac',1995,1,'Agir',282,11,1,1,0),(785,'8522004455','Teatro Moderno','Eliane Ganem',1998,2,'Agir',117,30,1,1,0),(318,'85220658x','Auto da Compadecida','Ariano Suassuna',2005,1,'Jose Olympio',153,30,1,1,0),(683,'8524100389','Planejamento de Ensino e Avaliação','Délcia Enricone',1982,10,'Sagra',307,2,1,1,0),(155,'8524901721','A tevê e a criança que te vê.','Ana Lúcia M. de Resende',1989,1,'Atual',246,6,1,1,0),(508,'8524902205','Sexo e Juventude','Carmen Barroso',2002,8,'Cortez',91,36,1,1,0),(230,'8524902418','Educação e Luta de classes','Aníbal Ponce',1991,1,'Record',142,11,1,1,0),(686,'8524902868','Conhecendo o Brasil','Demétrio Magnoli',1992,2,'Cortez',172,38,1,1,0),(563,'8525000221','Novo guia ortográfico','Celso Pedro Luft',2001,30,'Globo',156,28,1,1,0),(816,'85250005088','Um certo Capitão Rodrigo','Erico Verissimo',1997,32,'Globo',223,26,1,1,0),(466,'8525004243','A Fugitiva','Carlos Drummond de Andrade',1989,8,'Globo',253,49,1,1,0),(818,'8525005061','As aventuras de Tibicuera','Erico Verissimo',1989,1,'Globo',152,11,1,1,0),(817,'852500507X','Um certo Capitão Rodrigo','Erico Verissimo',1991,19,'Globo',223,26,2,1,0),(815,'8525005088','Um certo Capitão Rodrigo','Erico Verissimo',1996,31,'Globo',223,26,1,1,0),(503,'8525015849','Entrevista','Carlos Tramontina',1996,3,'Globo',215,72,1,1,0),(610,'8525021342','Almanaque do Sertão','Claudio Villas Boas',1997,1,'Globo',302,6,1,1,0),(821,'852503617x','O Continente','Erico Verissimo',2002,2,'Globo',385,26,1,1,0),(820,'8525036501','O Retrato','Erico Verissimo',2003,2,'Globo',338,26,2,1,0),(819,'8525036897','O Arquipelago','Erico Verissimo',1975,1,'Globo',351,26,3,1,0),(757,'8525040592','Que País é esse?','Edu Silvestre',2005,1,'Globo',372,61,1,1,0),(765,'8525403060','O livro dos abraços','Eduardo Galeano',2000,8,'L&PM Pocket',271,17,2,1,0),(647,'8525405183','As aventuras de Robinson Crusoé','Daniel Defoe',2001,10,'L&PM',340,17,3,1,0),(103,'8525405698','Eurico, o presbítero','Alexandre Herculano',0000,1,'Record',36,17,1,1,0),(121,'8525405766','Uivo','Allen Ginsberg',0000,1,'Peirópolis',79,17,1,1,0),(172,'8525405973','Hoje tem Espetáculo','Ana Maria Machado',1993,1,'JC',128,9,1,1,0),(832,'8525406597','Fábulas de Esopo','Esopo',2001,1,'L&PM Pocket',184,11,1,1,0),(101,'8525406775','O colar de veludo','Alexandre Dumas',0000,1,'Prensa três',248,17,1,1,0),(735,'8525410756','A Correspondencia de Fradique Mendes','Eça de Queiroz',1997,1,'L&PM Pocket',206,42,2,1,0),(573,'8525412430','Um conto de natal','Charles Dickens',2003,1,'L&PM Pocket',152,17,1,1,0),(624,'8526000160','Poemas dos Becos de Góias e Estórias mais.','Cora Coralina',2001,20,'Global',236,5,2,1,0),(8,'8526002414','O Estudante','Adelaide Carraro',2008,1,'Nova Fronteira',280,3,1,1,0),(312,'8526006142','A temática Indígena na Escola','Aracy Lopes da Silva',1998,1,'Impresso do Brasil',158,36,1,1,0),(143,'8526006916','Poesia Visual','Ana Claudia Gruszynski',2010,1,'Ed. 34',112,6,1,1,0),(623,'8526008838','Melhores Poemas','Cora Coralina',2008,3,'Global',360,5,6,1,0),(736,'852600929x','O Doente Imaginario','Eddla Van Steen',2004,1,'Global',73,11,1,1,0),(653,'8526009362','Contos Indígenas Brasileiros','Daniel Munduruku',2004,1,'Global',63,11,4,1,0),(362,'8526009400','Ler, escrever e fazer conta de cabeça','Bartolomeu Campos de Queiros',2004,1,'Global',78,11,3,1,0),(364,'8526009583','Indez','Bartolomeu Campos de Queiros',2004,12,'Global',95,11,1,1,0),(410,'8526014513','Ciencia Divertida','Brenda Walpole',1991,1,'Melhoramentos',40,52,2,1,0),(751,'8526211978','Cyrano de Bergerac','Edmond Rostand',1991,5,'Scipione',88,11,1,1,0),(793,'8526214942','Nós e o universo','Elisabeth Barolli',1996,6,'Scipione',56,29,1,1,0),(122,'8526215124','Como vivem os insetos','Almenor Tacla',1997,1,'Peirópolis',79,17,1,1,0),(325,'852621571x','Mané Tomé,  O liberto','Aristides Fraga Lima',2001,1,'Sextante',176,30,3,1,0),(346,'8526216902','Instalação Elétrica','Aurélio Gonçalves Filho',1994,1,'Peirópolis',79,81,5,1,0),(356,'8526219391','Lixo e reciclagem','Barbara James',1997,5,'ABDR',47,16,1,1,0),(630,'8526222570','Tiradentes e a Conspiração de Minas Gerais','Cristina Leminski',1998,4,'Scipione',79,6,1,1,0),(556,'8526228056','Não acredito em branco','Celso Antunes',1996,1,'Scipione',88,11,1,1,0),(384,'8526245279','A escrava Isaura','Bernardo Guimaraes',2002,1,'Scipione',88,26,2,1,0),(125,'8526249878','Histórias de Humor','Aluísio Azevedo',2003,1,'Papirus',132,17,1,1,0),(583,'8526249894','As aventuras de Ripió Lacraia','Chico de Assis',2003,1,'Scipione',96,30,1,1,0),(572,'8526251805','David Copperfield','Charles Dickens',2004,1,'Scipione',112,11,1,1,0),(741,'8526263633','Os assassinatos da Rua Morgue','Edgar Allan Poe',1997,1,'Scipione',103,11,1,1,0),(742,'8526263634','Os assassinatos da Rua Morgue','Edgar Allan Poe',1997,1,'Scipione',103,11,1,1,0),(348,'8526502026','Uma vida em segredo','Autran Dourado',2001,1,'Ediouro',111,17,1,1,0),(691,'8526704974','Avante, soldados: para trás.','Deonisio da Silva',1992,3,'Siciliano',219,9,1,1,0),(233,'8526707000','Retrato sem legenda','Anna Maria Martins',1979,1,'Salamandra',0,11,1,1,0),(280,'8527103834','Em pleno Castigo','Antônio Carlos Viana',1997,1,'Nova Fronteira',51,28,1,1,0),(189,'8527301288','O teatro épico','anatol rosenfeld',2006,1,'Perspectiva',176,82,1,1,0),(306,'8527706229','Genética Moderna','Antony J.F.Griffiths',1991,1,'Editora Globo',309,32,1,1,0),(271,'8528603474','Presença da Literatura Brasileira Modernismo','Antonio Candido',2001,1,'Scipione',47,5,2,1,0),(401,'8528605051','O Brasil Monárquico – Reações e transações','Boris Fausto',2004,1,'CIP',514,6,1,1,0),(404,'8528605108','III. O Brasil Republicano','Boris Fausto',2003,2,'Bertrand Brasil',603,6,1,1,0),(402,'8528605116','III. O Brasil Republicano','Boris Fausto',2003,1,'Bertrand Brasil',688,6,1,1,0),(403,'85286052086','III O Brasil Republicano','Boris Fausto',2000,1,'Bertrand Brasil',418,6,1,1,0),(826,'8528607593','O velho e o mar','Ernest Hemingway',2001,49,'Bertrand do Brasil',128,17,1,1,0),(696,'8528610349','O Pagador de Promessas','Dias Gomes',2003,4,'ABDR',79,53,3,1,0),(716,'85290','O cara Pintada e o Impósto Único','Domingos A. Abilas',1992,1,'Edicon',93,69,1,1,0),(625,'8529600436','Madalena','Cristiane Dantas',2006,1,'Ministerio da Educação',120,26,2,1,0),(567,'8529600452','Tubarão com a faca nas costas','Cezar Dias',2006,1,'Ministerio da Educação',88,48,3,1,0),(708,'8529600495','Familia Composta','Domingos Pelegrini',2006,3,'CIP',765,53,6,1,0),(804,'8529600509','Batata Cozida, Minguau de Cara','Eloi Elisabete Bocheco',2006,1,'Literatura para Todos',80,9,5,1,0),(342,'8530303741','Contos alemães','Aurélio Buarque de Holanda',2000,1,'Mac Usp',174,25,1,1,0),(496,'8530500202','O Justiceiro dos Pampas','Carlos Moraes',1989,2,'Quinteto Editorial',84,11,1,1,0),(495,'853050044x','A vingança do timão','Carlos Moraes',1987,2,'Quinteto Editorial',151,11,1,1,0),(217,'8530805607','TOC, Toc… Plim, Plim….','Angela Magda Rodrigues Virgolim',1999,1,'Editora do Brasil',135,11,1,1,0),(130,'8532200273','A Hora da Luta','Álvaro Cardoso Gomes',2011,1,'Paz e Terra',164,19,2,1,0),(131,'8532200362','Á Hora do Amor','Álvaro Cardoso Gomes',2000,1,'UDP',141,63,1,1,0),(245,'8532201199','Urubu queria ser passarinho','Antonieta Dias de Moraes',2003,1,'FDE',66,22,1,1,0),(285,'8532201423','A aventura aventurosa de Acanai contra a grande cobra sucuri no terra sem males','Antônio Hohlfeldt',2001,1,'Ediouro',253,26,1,1,0),(790,'8532201466','Vaidade no Terreiro','Elias José',1991,1,'FTD',31,11,1,1,0),(571,'8532201768','O naufrágio de Golden Mary','Charles Dickens',1998,7,'FTD',137,32,4,1,0),(744,'8532202179','O mistério de Marie Rogêt','Edgar Allan Poe',1990,1,'FTD',87,18,2,1,0),(498,'853220242x','Draculinha no Pantanal','Carlos Queiroz Telles',1991,3,'FTD',59,11,1,1,0),(112,'8532203027','7 de Setembro Independência O que mudou?','Alfredo Boulos Jr.',0000,1,'Cosac Naify',280,17,1,1,0),(116,'8532203035','13 de Maio Abolição  Resolveu?','Alfredo Boulos Jr.',0000,1,'Cosac Naify',280,18,1,1,0),(426,'8532203493','Setecontos','Caio Porfirio Carneiro',1991,4,'FTD',104,7,1,1,0),(114,'8532203515','21 de Abril Tiradentes – Sonho de Liberdade','Alfredo Boulos Jr.',0000,1,'Cosac Naify',280,18,1,1,0),(427,'853220547x','Da terra para o mar do mar para a terra','Caio Porfirio Carneiro',1992,3,'FTD',63,11,2,1,0),(113,'8532205968','5 de Junho S.O.S Natureza','Alfredo Boulos Jr.',0000,1,'Martin Claret',267,17,2,1,0),(115,'8532206204','20 de Novembro A consciência – Nasceu na  luta','Alfredo Boulos Jr.',0000,1,'Cosac Naify',280,18,1,1,0),(551,'853220824x','Pantanal','Célia de Assis',1994,1,'FTD',72,46,1,1,0),(550,'8532208274','Mata Atlântica','Célia de Assis',1994,1,'FTD',74,46,1,1,0),(768,'8532210813','Mardrogado','Eduardo Rodrigues',1994,2,'FTD',125,11,1,1,0),(57,'853221150x','Colônia Cecília','Agnaldo Kupper',1984,1,'Ediouro',253,7,3,1,0),(660,'853222055x','As senhoritas de Nova York','Daniel Piza',1999,3,'FTD',88,11,1,1,0),(775,'853222461X','O contador de Histórias de Matemática','Egidio Trambaiolli Neto',1999,2,'FTD',64,23,1,1,0),(554,'8532225586','O salto para a vida','Célia Valente',1999,3,'FTD',127,4,1,1,0),(746,'8532236944','Rumo ao ovo cosmico','Edgar Rangel Netto',1997,1,'FTD',30,11,1,1,0),(777,'8532238130','O com tador de Histórias da matematica','Egidio Trambaiolli Neto',1998,1,'FTD',80,23,1,1,0),(776,'8532242278','o contador de Histórias da matematica','Egidio Trambaiolli Neto',1998,1,'FTD',80,23,1,1,0),(553,'8532243916','Curriculos de Matematica: da Organização Linear ….','Célia Maria Carolino Pires',2000,1,'FTD',223,23,1,1,0),(374,'8532244793','Esta terra tinha dono','Benedito Prezia',2000,6,'Atual',200,6,1,1,0),(690,'853225005x','Isabelle','Denny Yang',2002,1,'FTD',151,11,1,1,0),(631,'8532251749','Sombras na claridade','Cristina Porto',2003,1,'FTD',63,11,2,1,0),(275,'8532258042','Protagonismo Juvenil','Antônio Carlos Gomes da Costa',1997,1,'',0,5,1,1,0),(655,'8532258271','Um Estranho Sonho de Futuro','Daniel Munduruku',2006,1,'FTD',108,11,1,1,0),(659,'8532504256','Como um Romance','Daniel Pennac',1993,1,'Rocco',0,53,1,1,0),(658,'8532505090','O Paraiso dos Ogros','Daniel Pennac',1994,1,'Rocco',167,49,1,1,0),(595,'853250812x','A hora da Estrela','Clarice Lispector',1998,1,'Rocco',87,26,3,1,0),(596,'8532508138','Laços de família','Clarice Lispector',1998,1,'Rocco',135,7,14,1,0),(789,'8532902790','Toda sorte de Magia','Elias José',1996,3,'Lê',96,11,1,1,0),(283,'8532902898','Caderno de Literatura Hilda Hust','Antônio Fernando de Franceschi',2001,1,'Pannartz',119,25,1,1,0),(224,'8532906621','O menino e o rio','Ângelo Machado',1993,1,'Globo',309,11,1,1,0),(180,'8532906877','Chico, o caminhador','Ana Raquel',2005,1,'Ática',47,11,1,1,0),(246,'8533614845','Contos e Lendas do Peru','Antonieta Dias de Moraes',2003,1,'Companhia das letras',0,23,1,1,0),(538,'8533617356','Batuque, samba e macumba','Cecilia Meireles',2003,2,'Martins Fontes',110,67,2,1,0),(825,'8533617992','O novo manifesto antologia de contos e crônicas','Erico Verissimo',2003,1,'Martins Fontes',63,7,8,1,0),(400,'8534702713','A capoeira Angola na Bahia','Bola Sete',2006,3,'Pallas',198,39,1,1,0),(809,'8535110046','A Republica de Platão','Enrico Corvisieri',2000,1,'Victor Civita',352,6,1,1,0),(449,'8535613404','As aventuras de Pinóquio','Carlo Collodi',2004,1,'Ed. Paulinas',201,11,1,1,0),(415,'8535703195','Quimica em casa','Breno Pannia Esposito',2003,1,'Atual',48,50,1,1,0),(756,'8535703233','Diário de Biloca','Edson Gabriel Garcia',2003,1,'Atual',88,11,1,1,0),(829,'8535900454','O Túnel','Ernesto Sabato',2000,1,'Companhia das Letras',150,76,3,1,0),(417,'8535901329','Réquiem Caribenho','Brigitte Aubert',2001,1,'Companhia das Letras',324,40,1,1,0),(814,'8535905979','Ana Terra','Erico Verissimo',1978,23,'Globo',150,26,2,1,0),(33,'8536401249','Beleza à flor da pele','Adriana Vilarinho',2005,1,'JPA',86,4,1,1,0),(636,'85503003619','O amanuense Belmiro','Cyro dos Anjos',1989,12,'José Olympio',187,17,1,1,0),(252,'85508025653','Caravelas no novo mundo','Antônio Augusto da Costa Faria',2003,1,'Nova Fronteira',223,6,1,1,0),(549,'85532208304','Amazônia','Célia de Assis',1993,1,'FTD',79,10,1,1,0),(536,'85585940573','Espumas Flutuantes','Castro Alves',1997,1,'Ediouro',92,5,1,1,0),(718,'8570001547X','Trump a arte de negociação','Donald J. Trump',1988,1,'Circulo do Livro',198,4,1,1,0),(452,'8570560176','O verbo','Carlos Alberto C.Minchillo',1988,9,'Atual',80,28,1,1,0),(457,'8570561490','A estrada de San Martín','Carlos Augusto Segato',1989,1,'Atual',121,25,2,1,0),(755,'8570561806','Diário de Biloca','Edson Gabriel Garcia',1989,1,'Atual',90,11,1,1,0),(58,'8570561865','Ortografia Teoria e Prática','Agnelo de Carvalho Pacheco',2008,1,'FTD',166,7,1,1,0),(459,'8570562713','Perigo de Vida','Carlos C. Alberts',1989,9,'Atual',73,16,1,1,0),(302,'8570562748','Reiventando a Liberdade','Antonio Torres Montenegro',1989,1,'Phorte',98,26,1,1,0),(808,'8570563159','A transição no Brasil','Emir Sader',1990,1,'Atual',92,6,1,1,0),(72,'8570564325','O misterio do Azul turquesa','Alberto Beuttenmuller',1992,1,'Cosac Naify',280,10,1,1,0),(810,'85705655186','A América que os europeus encontraram','Enrique Peregalli',1994,13,'Atual',96,6,1,1,0),(753,'8570565766','Memórias de Guerrilha Imaginada','Edson Gabriel Garcia',1994,4,'Atual',75,11,1,1,0),(758,'8570565801','Os gigantes de Kashtar','Eduardo Alves da Costa',1994,1,'Atual',60,11,1,1,0),(774,'8570565976','Alimentos em pratos limpos','Egidio Trambaiolli Neto',1994,5,'Atual',39,62,1,1,0),(157,'8570566506','O trabalho nas fazendas de Café','Ana Luiza Martins',2000,1,'Prensa três',138,6,2,1,0),(502,'8570567022','A revolta dos Colonizados','Carlos Serrano',1995,1,'ABDR',83,6,2,1,0),(292,'8570567588','A construção da Modernidade','Antonio Paulo Resende',1996,1,'Fontes',93,26,1,1,0),(142,'8570567626','As cidades brasileiras no Pós-Guerras','Ana Claudia Fonceca Brefe',2008,1,'Parábola',170,39,2,1,0),(350,'8570567634','Salvador, Capital da Colonia','Avanete Pereira Sousa',1995,1,'',0,6,1,1,0),(160,'8570568509','Os Povos da América','Ana Maria Bergamin Neves',1999,1,'Nova Fronteira',0,6,1,1,0),(454,'8570602332','O homem com a camera','Carlos Alberto Mattos',2006,1,'Cultura',408,39,1,1,0),(478,'8570604742','José Bonifacio Patriarca da Independencia','Carlos Guilherme Mota',2006,1,'Sec.  Est. da Educação',72,4,18,1,0),(474,'857110543x','Os índios antes do Brasil','Carlos Fausto',2000,1,'Jorge Zahat',94,6,1,1,0),(5,'8571231850','Movendo a Montanha','Abel Aganbegyan',2008,1,'Record',142,3,1,1,0),(367,'8571531099','Por Parte do Pai','Bartolomeu Campos Queirós',1995,1,'RHJ',73,11,1,1,0),(607,'8571640157','A regra do jogo','Cláudio Abramo',1988,6,'Companhia das Letras',277,80,1,1,0),(139,'8571642826','Paratii Entre dois Pólos','Amyr Klink',2008,1,'Prensa três',169,38,2,1,0),(482,'857164487x','Quase Memoria','Carlos Heitor Cony',1995,25,'Companhia das letras',213,26,3,1,0),(313,'8571645736','Maria Callas A mulher por trás do mito','Arianna Atassinopoulos Huffington',1993,1,'Avenida Grafica e Editora',120,37,1,1,0),(599,'8571646317','Olhar Escutar Ler','Claude Lévi- Strauss',1997,1,'Companhia das Letras',151,39,1,1,0),(584,'8571647585','Bem perto de Léo','Chistopher Honoré',1998,1,'Companhia das Letras',72,49,1,1,0),(487,'8571648514','Matéria de Memória','Carlos Heitor Cony',1998,1,'Companhia das letras',197,26,1,1,0),(766,'8571649227','Mitologia da Saudade','Eduardo Lourenço',1999,1,'Companhia das Letras',153,19,1,1,0),(635,'8571750807','O amanuense Belmiro','Cyro dos Anjos',2002,17,'Garnier',227,17,1,1,0),(637,'8571950164','Um menino vai para o colegio','Cyro Martins',1998,6,'Movimento',71,26,1,1,0),(363,'8572080368','Papo de Pato','Bartolomeu Campos de Queiros',1989,1,'Formato Editorial',16,11,1,1,0),(17,'8572083731','Realidade Contemporanea','Adhemar Marques',2008,1,'Global',93,4,1,1,0),(383,'8572322752','A escrava Isaura','Bernardo Guimaraes',1998,1,'Martin Claret',158,26,1,1,0),(150,'8572440151','A cidade','Ana Fani Alessandri Carlos',2008,1,'Nova Fronteira',262,6,4,1,0),(303,'8572440208','Historia oral e memória','Antônio Torres Montenegro',1993,1,'Pontes',251,26,1,1,0),(592,'8572440712','O saber na sala de aula','Circe Bittencourt',1998,3,'Contexto',175,6,2,1,0),(14,'8572441190','História Moderna através de textos','Adhemar Marques',2006,1,'IMS',155,4,1,1,0),(629,'8572730486','A fronteira Amazonica','Cristina Bonfiglioli Apuzzo',1996,1,'EDUFRN',142,69,1,1,0),(762,'8573022027','A Viagem do Descobrimento','Eduardo Bueno',1998,1,'Objetiva',140,6,3,1,0),(763,'8573022167','Naúfragos, Traficantes e Degredados','Eduardo Bueno',1998,1,'Objetiva',200,6,2,1,0),(752,'8573022345','Marcel Proust','Edmund White',2001,1,'Objetiva',158,4,1,1,0),(168,'8573024151','Cinco Estrelas','Ana Maria Machado',2013,1,'Prensa três',151,67,2,1,0),(358,'8573050225','A vida no deserto','Barbara Taylor',1992,1,'Editora Abril',29,16,1,1,0),(513,'8573110961','Um monstro no armario','Carmen Vasquez-Vigo',1994,1,'Ed. Paulinas',86,11,1,1,0),(484,'8573192526','Um pai e duas filhas','Carlos Heitor Cony',2002,1,'Dimensão',64,11,1,1,0),(118,'8573210397','Desorientais','Alice Ruiz S.',2001,1,'Cosac Naify',280,18,1,1,0),(440,'8573262680','Reivente seu bairro','Candido Malta Campos Filho',2003,1,'Editora 34',222,43,1,1,0),(222,'8573389281','Contos de Murilo Rubião','Angelo Abu',2004,1,'Escritura',748,11,1,1,0),(46,'8573626383','Oswaldo Cruz','Afonso Arinos de Mello Franco',2008,1,'Frente',0,4,1,1,0),(45,'8573686367','Marechal Rondon','Afonso Arinos de Mello Franco',2000,1,'Contexto',153,4,2,1,0),(44,'8573686383','Cândido Portinari','Afonso Arinos de Mello Franco',2000,1,'Prensa três',247,4,25,1,0),(47,'8573686384','Villa-Lobos','Afonso Arinos de Mello Franco',1984,1,'Vertente',64,4,1,1,0),(48,'8573686385','Villa-Lobos','Afonso Arinos de Mello Franco',2010,1,'Biruta',188,4,1,1,0),(49,'8573686386','Marechal Deodoro','Afonso Arinos de Mello Franco',2004,1,'Moderna',128,4,1,1,0),(50,'8573686387','Marechal Deodoro','Afonso Arinos de Mello Franco',1992,1,'Moderna',128,4,6,1,0),(137,'8574022446','2001 : Uma Odisséia no Espaço','Amir Labaki',2008,1,'FDE',80,29,1,1,0),(336,'8574061891','O cão de Baskervilles','Arthur Conan Doyle',2003,1,'Companhia das Letras',141,32,4,1,0),(651,'8574062367','O livro do dentista','Daniel Korytnicki',2004,1,'Companhia das Letrinhas',90,11,1,1,0),(656,'8574162213','Crônicas de São Paulo','Daniel Munduruku',2004,1,'Callis',63,48,1,1,0),(307,'8574162418','El arte contemporanea','Antony Mason',2005,1,'Siciliano',220,34,1,1,0),(177,'85741648719','Clarice','Ana Miranda',1989,1,'Bertrand Brasil',160,9,1,1,0),(9,'85748000015','desenho mágico','Adélia Bezerra de Menezes',2000,1,'Nova Fronteira',280,3,1,1,0),(733,'8574920207','Os Maias','Eça de Queiroz',2000,1,'Nova Alexandria',493,42,1,1,0),(847,'8574960675','Leitura em curso','Ezequiel Theodoro da Silva',2006,3,'Autores Associados',98,2,1,1,0),(669,'857503233x','Ugolino e a perdiz','Davi Arrigucci Jr.',2003,1,'Cosac Naify',80,9,1,1,0),(839,'8575310933','Há Estaçoes','Eunice Arruda',2003,1,'Escrituras',57,5,1,1,0),(608,'8575471929','Ciências Dilemas e desafios','Claudio Angelo',2008,1,'Salesiana',103,52,1,1,0),(422,'8575550179','A prosa do Mundo','Caio Fernando Abreu',2008,1,'Gaia',85,7,1,1,0),(652,'8575680676','Tempo de Histórias','Daniel Munduruku',2006,1,'ABDR',87,11,3,1,0),(378,'8575910320','Generos Orais e escritos na escola','Bernard Schneuwly',2011,3,'Mercado de Letras',239,2,2,1,0),(377,'8575910329','Generos orais e escritos na escola','Bernard Schneuwly',2004,1,'Mercado de Letras',277,2,1,1,0),(159,'857592273','O ator e seus duplos','Ana Maria Amaral',2012,1,'Nova Cultural',0,6,1,1,0),(388,'85761704206','Amazônia','Berta K.Becker',2006,1,'Garamond',172,10,1,1,0),(390,'8576170426','Amazônia','Bertha K Becker',2009,1,'Garsmond',172,10,1,1,0),(577,'8576290278','Histórias ou contos de outrora','Charles Perrault',2004,1,'Landy',219,59,8,1,0),(26,'8576650134','A comédia dos Anjos','Adriana Falcao',2003,1,'Jorge Zahar',244,4,1,1,0),(750,'8576662205','Cyrano de Bergerac','Edmond Rostand',2005,1,'Escala Educacional',80,11,1,1,0),(120,'8576751399','Contos e Lendas de Macau','Alice Vieira',2006,1,'Peirópolis',79,17,1,1,0),(846,'8576751496','Uma armadilha para Ifigenia','Evelyne Brisouu- Pellen',2006,1,'Ed,.SM',111,11,1,1,0),(613,'8585061685','Historia Ilustrada da Ciencia','Colin A. Ronan',1987,2,'Newnes Books',136,52,1,1,0),(450,'8585095229','O queijo e os vermes','Carlo Ginzburg',1987,2,'Companhia das letras',309,6,2,1,0),(324,'8585134135','A Geografia das lutas no campo','Ariovaldo Umbelino de Oliveira',1996,1,'Agir',207,30,1,1,0),(791,'8585134526','O azar do goleiro','Elieser Cesar',1996,2,'Contexto',70,11,1,1,0),(15,'8585134623','História Contemporânea através de textos','Adhemar Marques',2003,1,'Brasiliense',93,4,2,1,0),(368,'8585141646','Reunião de Pais sofrimento ou prazer?','Beate G. Althuon',1996,1,'Casa do Psicologo',98,2,2,1,0),(329,'8585291532','Emoção Artificial','Arlindo Machado',2011,1,'Aleph',0,17,1,1,0),(352,'8585371668','Ecossistemas do Brasil','Aziz Nacib A´Saber',2006,1,'ABDR',47,16,2,1,0),(835,'8585387106','Justiça dos Escravos','Esther Peixoto Mello Gonçalves',1991,1,'Letras e letras',29,11,1,1,0),(244,'8585387157','O tesouro da nau catarineta','Antonieta Dias de Moraes',2003,1,'Ediouro',138,21,3,1,0),(256,'8585427531','3 Antônios e 1 Jobim: Histórias de uma geração','Antonio Calado',1993,1,'Relume Dumará',185,72,2,1,0),(811,'858564371X','Menino retirante vai ao circo de Brodowski','Eric Ponty',2003,1,'Musa',71,5,1,1,0),(254,'8585672366','Lua no Varal','Antonio Barreto',2003,1,'Prensa três',152,5,4,1,0),(535,'8585940573','Espumas Flutuantes','-',1997,0,'Ediouro',92,5,2,1,0),(734,'858594059X','O Primo Basilio','Eça de Queiroz',1997,1,'Ediouro',250,42,2,1,0),(250,'8585972653','Brás, Bexiga e Barra Funda','Antônio Alcântara Machado',2001,1,'José Olympio',230,9,10,1,0),(128,'8585972696','Noite na Taverna','Álvares de Azevedo',2010,1,'Paullus',0,19,3,1,0),(534,'858597270x','Os escravos','Castro Alves',2008,1,'Avenida gráfica',196,5,3,1,0),(396,'8586218154','Uma alegria selvagem','Bia Hetzel',2006,1,'Manati',167,11,1,1,0),(86,'8586303410','Águas doces no Brasil','Aldo da C. Rebouças',1998,1,'Claro Enigma',59,15,3,1,0),(81,'8586387657','Contos Romanos','Alberto Moravia',1998,1,'Cosac Naify',280,10,1,1,0),(501,'8586387967','O pintor que pintou o sete','Carlos Scliar',2006,1,'Berlendis e Vetecchia',56,11,2,1,0),(764,'8586435320','A tumba do faraó','Eduardo Fairbairn',2010,1,'Garamond',135,74,1,1,0),(278,'8586797235','Carta de achamento do Brasil','Antonio Carlos Olivieri',2000,1,'Iluminuras',0,5,1,1,0),(323,'8586821586','O campo no Século XXI','Ariovaldo Umbelino de Oliveira',2004,1,'Jose Olympio',125,30,1,1,0),(220,'8586930180','Gêneros Textuais','Angela Paiva Dionisio',2013,1,'Editora Lê',0,11,1,1,0),(715,'85871260052','Assalto à Brasileira','Domingos Pellegrini',1988,1,'Busca Vida',122,25,1,1,0),(732,'8587328131','A Ilustre Casa de Ramires','Eça de Queiroz',2000,1,'Hedra',331,42,2,1,0),(304,'8587328328','Sermoes_Tomo1','Antonio Vieira',2000,1,'Hedra',661,28,3,1,0),(98,'8587328581','Autobiografia de um super-heroi','Alexandre Barbosa de Souza',2003,1,'Museu da imagem e som',176,39,4,1,0),(371,'8587420089','Amor e sexo: Assunto Complexo?','Beatriz Monteiro da Cunha',2000,1,'Evoluir',46,55,1,1,0),(7,'8587728350','Costurando nas nuvens','Adão Ventura',2006,1,'Lucerna',232,4,1,1,0),(16,'8587737015','Historia um novo olhar','Adhemar Marques',2000,1,'Lê',0,6,1,1,0),(639,'8587863197','Ciências nas salas de Aula','Daisy Lara de Oliveira',1997,4,'Mediaçao',112,2,1,1,0),(146,'8588159309','Enigma na Capela Real','Ana Cristina Massa',2004,1,'Editora 2000',235,6,1,1,0),(828,'858819306x','de moto pela américa do sul','Ernesto Che Guevara',2001,1,'Rosari',192,4,1,1,0),(723,'8588955016','Física Moderna','Dulcidio Braz Junior',2002,1,'Cia da Escola',128,29,1,1,0),(730,'8589155382','A Cidade e as Serras','Eça de Queiros',2005,1,'CIP',119,42,2,1,0),(105,'8589311090','Gestão Educacional e tecnologia','Alexandre Thomaz Vieira',2003,1,'Avercamp',164,12,1,1,0),(288,'8590059529','Dicionário de filmes brasileiros','Antônio Leão da Silva Neto',2002,1,'Editora 34',168,26,1,1,0),(169,'8599095471','Esta força estranha','Ana Maria Machado',1997,1,'Dubolsinho',96,9,2,1,0),(455,'88500402709','Shakespeare','Carlos Alberto Nunes',2001,4,'Ediouro',172,30,1,1,0),(238,'88501042633','Mensagens de Maria para o mundo','Annie Kirkwood',2000,1,'Sec. da cultura',133,11,1,1,0),(186,'88508042337','A guardadora de Gansos – Contos de Grimm','Anastassija Archipowa',2001,1,'Tribos',48,11,1,1,0),(328,'88508056311','As guerras da independencia','Arlenice Almeida da Silva',1995,1,'Impresso no Brasil',157,6,1,1,0),(494,'88516045676','Ecologia e cidadania','Carlos Minc',2005,2,'Moderna',152,44,1,1,0),(31,'88521505477','A carta de Pero Vaz de Caminha','Adriana Torres',1991,1,'José Olympio',230,4,2,1,0),(347,'88526216902','Instalação Elétrica: Investigando e Aprendendo','Aurélio Gonçalves Filho',1989,1,'Grafica Bras Monteiro',63,81,1,1,0),(387,'885271030502','Geografia e Meio Ambiente no Brasil','Berta K. Becker',1998,1,'Hucitec',395,38,1,1,0),(117,'88570412916','Química na cabeça','Alfredo Luis Mateus',2001,1,'Cosac Naify',280,18,1,1,0),(66,'88571235988','O mundo do Escuro','Alan Furst',1979,1,'Contexto',128,10,1,1,0),(1,'88572325950','A Entrevista','A. Garrett',1999,1,'Nova Fronteira',0,2,2,1,0),(589,'88587478184','Acoes afirmativas em educação','Cidinha da Silva',2003,1,'Selo Negro',255,79,1,1,0),(154,'888508063849','Revoltas da Senzala','Ana Lúcia Duarte Lanna',1994,1,'Aleph',0,6,1,1,0),(231,'888573076070','Guia do Professor para a Internet','Ann Heide',1979,1,'Record',142,11,1,1,0),(63,'9770103998009','Revista Usp','Airton Paschoa',1989,1,'Companhia Editora Nacional',0,10,1,1,0),(200,'97788535628845','Maroca e Deolindo','André Neves',2011,1,'ABDR',79,44,1,1,0),(178,'97788571646957','Amrick','Ana Miranda',2000,1,'Bertrand do Brasil',648,9,1,1,0),(60,'97788575961179','Vento, areia e amoras bravas','Agustina Bessa-Luis',1997,1,'FTD',129,7,12,1,0),(477,'9780000679512','Poeta Aprendiz','Carlos Felipe Móises',2000,1,'Biblia',39,5,1,1,0),(209,'9780194235761','Animals in Danger','Andy Hopkins',2001,1,'Atual',39,11,1,1,0),(436,'9780582448001','Famous Sports','Cameron Fox',2001,1,'Penguin Fox',32,41,1,1,0),(527,'9780582465695','Food','Caroline Laidlaw',2002,1,'Peguin',32,41,1,1,0),(237,'9780582505285','The Cup is the Forest','Anne Collins',2011,1,'Ática',95,11,1,1,0),(537,'97818575962213','O lenhador','Catullo da Paixão Cearense',2011,1,'Peiropolis',67,5,1,1,0),(827,'97828607598','O velho e o mar','Ernest Hemingway',2008,61,'Bertrand do Brasil',128,17,1,1,0),(473,'97835920598','Claro Enigma','Carlos Drummond de Andrade',2012,3,'Companhia das Letras',134,5,6,1,0),(206,'9786587958385','Metodologias inov-ativas','Andrea Filatro',2008,1,'Autentica',45,44,1,1,0),(559,'97878585819033','(In)disciplina','Celso dos S. Vasconcellos',2010,18,'',0,2,1,1,0),(803,'97878587728586','Parque dos impressos','Eloésio Paulo',2010,1,'Dubolsinho',36,11,1,1,0),(737,'9788426371812','Poe em preto & Branco','Edgar Alan Poe',2015,2,'FTD',100,51,1,1,0),(423,'9788500027048','Pequenas Epifanias','Caio Fernando Abreu',2012,2,'Edigraf',263,13,1,1,0),(343,'9788500027659','Mar de histórias','Aurélio Buarque de Holanda',2004,1,'Maltese',287,25,2,1,0),(700,'9788500027680','O Bem - Amado','Dias Gomes',2012,2,'Ediouro',140,53,1,1,0),(479,'9788500031984','O ato e o fato','Carlos Heitor Cony',2018,11,'Edipass',216,6,1,1,0),(833,'9788500032127','Da terra à lua','Estevao Ribeiro',2018,4,'Vitrine',78,51,3,1,0),(12,'97885001065032','A duração do dia','Adélia Prado',2008,1,'DCL',54,5,1,1,0),(743,'9788500119637','Histórias extraordinarias de Alan Poe','Edgar Allan Poe',1998,15,'Ediouro',175,11,1,1,0),(698,'9788500913914','O Pagador de Promessas','Dias Gomes',1962,1,'Ediouro',97,53,1,1,0),(780,'978850105478','A História de um número','Eli Maor',2008,4,'Record',291,6,1,1,0),(299,'978850105832+4','Meu querido Canibal','Antônio Torres',2008,1,'Avenida Gráfica e Editora',168,26,1,1,0),(781,'9788501058478','A história de um numero','Eli Maor',2008,4,'Record',291,6,1,1,0),(461,'9788501061362','A Rosa do Povo','Carlos Drummond de Andrade',2008,43,'Record',238,5,1,1,0),(10,'9788501065032','Bagagem','Adélia Prado',2008,1,'Unesco',575,3,18,1,0),(505,'9788501069412','O desafio ambiental','Carlos Walter Porto-Gonçalves',2012,3,'Record',179,54,3,1,0),(585,'9788501083647','Otolina na Escola','Chris Ridell',2013,4,'Record',174,11,1,1,0),(475,'9788502019492','A deusa da minha rua','Carlos Felipe Moises',1996,5,'Saraiva',94,11,1,1,0),(68,'9788502079472','Amazônia','Alan Oliveira',2009,1,'Cortez',96,10,1,1,0),(308,'9788502090699','Didática e Avaliação em Fi´sica','Aparecida Magalhaes VillaTorre',2009,1,'Saraiva166',0,29,1,1,0),(465,'9788503002486','Elenco dos cronistas Modernos','Carlos Drummond de Andrade',2005,21,'José Olympio',267,13,1,1,0),(316,'9788503007160','O Santo e a Porca','Ariano Suassuna',2008,1,'Veredas',125,30,1,1,0),(320,'9788503007306','Farsa da Boa Preguiça','Ariano Suassuna',2009,1,'Jose Olympio',80,30,1,1,0),(315,'9788503007856','Seleta em prosa e verso','Ariano Suassuna',2010,1,'Berlendis & Vertecchia',0,30,1,1,0),(107,'9788504005875','Aventuras maravilhosas do Capitão Corcoran','Alfred Assoland',0000,1,'DCL',54,17,1,1,0),(183,'9788504011579','Cicatrizes - Coleção Arte na Escola (Em Portugues do Brasil)','Anamelia Buoro',2005,1,'Ática',96,11,1,1,0),(386,'9788504015560','A escrava Isaura','Bernardo Guimaraes',2009,1,'L&PM',64,26,2,1,0),(615,'97885060028346','Colombo & os exploradores da Renascença','Colin Hynson',1998,1,'Melhoramentos',31,7,1,1,0),(614,'9788506028346','Colombo e os exploradores da Renascença','Colin Hynson',1998,1,'Melhoramentos',32,7,2,1,0),(376,'9788506059937','Encontros musicais','Berenice de Almeida',2009,1,'Melhoramentos',304,70,1,1,0),(432,'9788506066959','Um na Estrada','Caio Riter',2011,1,'ABDR',125,11,1,1,0),(327,'9788508004799','Perigos no mar','Aristides Fraga Lima',1989,1,'34',0,11,1,1,0),(326,'9788508017621','Os pequenos Jangadeiros','Aristides Fraga Lima',1988,1,'Cortez',100,72,1,1,0),(281,'9788508082728','De conto em conto','Antonio de Alcantara',1971,1,'Atica',84,5,2,1,0),(799,'9788508085347','Os segredos da arte','Elizabeth Newbery',2009,1,'Ática',63,39,1,1,0),(212,'9788508090389','Melhor de três','Angela Carneiro',2001,1,'Hedra',142,11,1,1,0),(331,'9788508107520','O mundo é uma bola','Armando Nogueira',2007,1,'Aleph',0,65,1,1,0),(373,'9788508114535','Introdução a Filosofia da Arte','Benedito Nunes',2008,6,'Ática',128,39,1,1,0),(562,'9788508114573','Dicionario Prático de Regencia Verbal','Celso Pedro Luft',2008,9,'Ática',544,28,2,1,0),(476,'9788508120994','Conversando com Fernando Pessoa','Carlos Felipe Moisés',2009,1,'Ática',183,5,1,1,0),(421,'9788508140008','Além do ponto e outro contos','Caio Fernando Abreu',2010,1,'Ática',128,7,1,1,0),(127,'9788508148','Noite na Taverna','Álvares de Azevedo',2010,1,'Paulinas',263,19,1,1,0),(129,'9788508148721','Noite na taverna','Álvares de Azevedo',2011,1,'Avenida Grafica e Editora',168,19,1,1,0),(136,'9788508148776','El crimen de la Ñ','Amelia Blas Nieves',2011,1,'',0,64,1,1,0),(680,'9788508156801','A outra face','Deborah Ellis',2012,2,'Ática',128,17,1,1,0),(381,'9788508157433','A escrava Isaura','Bernardo Guimaraes',2012,1,'Ática',72,26,1,1,0),(640,'9788508161508','O vampiro de Curitiba','Dalton Trevisan',2013,1,'Ática',104,7,6,1,0),(491,'9788508162697','Histórias de Bichos','Carlos Heitor Cony',2013,1,'Ática',136,7,1,1,0),(616,'9788508164257','Histórias de detetive','Conan Doyle',2013,10,'Ática',144,7,2,1,0),(516,'97885081712710','Quarto de Despejo','Carolina Maria de Jesus',2014,10,'Ática',200,26,1,1,0),(517,'97885081712711','Quarto de Despejo','Carolina Maria de Jesus',2014,10,'Ática',200,26,1,1,0),(519,'97885081712712','Quarto de Despejo','Carolina Maria de Jesus',2014,10,'Ática',200,26,1,1,0),(520,'97885081712713','Quarto de Despejo','Carolina Maria de Jesus',2014,10,'Ática',200,26,1,1,0),(521,'97885081712714','Quarto de Despejo','Carolina Maria de Jesus',2014,10,'Ática',200,26,1,1,0),(522,'97885081712715','Quarto de Despejo','Carolina Maria de Jesus',2014,10,'Ática',200,26,1,1,0),(518,'9788508171279','Quarto de Despejo','Carolina Maria de Jesus',2014,10,'Ática',200,26,9,1,0),(748,'9788508184637','Manobra radical','Edith Modesto',2017,2,'Ática',168,11,1,1,0),(52,'978850819104','O mestre dos Games','Afonso Machado',2017,1,'Peirópolis',79,7,1,1,0),(446,'9788510051224','Direitos Humanos','Carla Teodoro Costa',2012,1,'Editora do Brasil',120,15,1,1,0),(644,'9788511011593','O que é adolescencia','Daniel Becker',2009,1,'Brasiliense',96,2,1,1,0),(218,'9788511020588','A Republica de Weimar e a ascensão do Nazismo','Angela Mendes de Almeida',2013,1,'Editora do Brasil',32,11,1,1,0),(340,'9788516010959','A ciência através dos tempos','Attico Chassot',2009,1,'Global',352,52,1,1,0),(164,'9788516034818','Raul da ferrugem azul','Ana Maria Machado',1997,1,'Prensa três',246,6,1,1,0),(272,'9788516040413','Movimentos Culturais de Juventude','Antonio Carlos Brandão',2004,1,'Moderna',160,37,2,1,0),(514,'9788516082413','Construindo conceitos:','Carol Kolyniak Filho',2012,1,'Moderna',80,66,1,1,0),(844,'9788516084486','Listas Fabulosas','Eva Furnari',2013,1,'Moderna',31,11,1,1,0),(714,'9788516084509','As batalhas do castelo','Domingos Pellegrini',2013,3,'ABDR',222,11,1,1,0),(27,'9788516085322','Procura-se um amor','Adriana Falcao',2003,1,'Jorge Zahar',199,4,2,1,0),(28,'9788516085377','Sete histórias para contar','Adriana Falcao',2002,1,'José Olympio',230,4,1,1,0),(845,'9788516085421','Amarílis','Eva Furnari',2013,1,'Moderna',0,11,1,1,0),(643,'9788520005279','O século XX','Daniel Aarão Reis Filho',2011,5,'Record',279,6,1,1,0),(788,'9788520009840','O fabricante de ilusões','Elias José',2009,1,'Civilização Brasileira',111,11,1,1,0),(576,'9788520429594','O pêndulo do relogio','Charles Kiefer',2009,1,'Ãmarilys',122,17,1,1,0),(263,'9788520905272','A Madona de Cedro','Antonio Callado',1975,1,'Prensa três',213,5,3,1,0),(260,'9788520908440','Quarup','Antonio Callado',1975,1,'Record',0,5,2,1,0),(544,'9788520911525','Antologia Poética','Cecilia Meireles',2001,3,'Nova Fronteira',307,5,16,1,0),(258,'9788520916926','Pedro Mico','Antonio Callado',1975,1,'Dubolsinho',72,5,1,1,0),(472,'9788520920558','Poesia Completa','Carlos Drummond de Andrade',2007,1,'Nova Fronteira',1599,5,1,1,0),(543,'9788520924228','Antologia Poética','Cecilia Meireles',2008,4,'Nova Fronteira',282,5,1,1,0),(731,'9788520924808','A Reliquia','Eça de Queiros',2014,1,'Nova Fronteira',270,42,9,1,0),(248,'9788520930144','O pequeno Principe','Antoine de Saint-Exupery',2016,1,'Nova Fronteira',96,24,2,1,0),(406,'9788520931882','Drácula','Bram Stoker',2011,1,'Nova Fronteira',489,17,1,1,0),(126,'9788520931929','O cortiço','Aluísio Azevedo',2012,1,'Nova fronteira',223,9,2,1,0),(489,'978852093445','O irmão que tu me deste','Carlos Heitor Cony',2013,3,'Nova Fronteira',134,17,1,1,0),(490,'9788520934456','O irmão que tu me deste','Carlos Heitor Cony',2013,3,'Nova Fronteira',134,17,1,1,0),(738,'9788520938935','Contos de terror, de mistério e de morte','Edgar Alan Poe',2017,6,'Nova fronteira',236,71,1,1,0),(355,'9788522009022','O teatro explicado aos meus filhos','Barbara Heliodora',2008,1,'Agir',179,53,1,1,0),(606,'9788522116324','Ensino de Lingua Portuguesa','Claudia Riolfi',2014,1,'Cengage Learning',231,28,1,1,0),(685,'9788524908583','Ensino de Ciências Fundamentos e métodos','Demetrio Delizoicov',2011,1,'Cortez',364,52,2,1,0),(214,'9788524911965','Cabelos de Fogo, olhos de água','Angela Leite',1997,1,'Hedra',142,11,1,1,0),(769,'9788524915604','Palmares a luta pela liberdade','Eduardo Vetillo',2009,1,'Cortez',35,11,1,1,0),(591,'9788524916571','Avaliação de aprendizagem','Cipriano Carlos Luckesi',2011,1,'Cortez',448,2,1,1,0),(145,'9788524919008','O Cordel no Cotidiano Escolar','Ana Cristina Marinho',2012,1,'Editora 2000',235,6,1,1,0),(88,'9788525033222','Admirável Mundo Novo','Aldous Huxley',0000,1,'Nacional',61,16,5,1,0),(56,'9788525048431','O assassinato de Roger Ackroyd','Agatha Christie',2000,1,'Scipione',47,8,6,1,0),(385,'9788525412867','A escrava Isaura','Bernardo Guimaraes',2009,1,'L&PM',64,26,5,1,0),(645,'9788525417817','Robinson Crusoe','Daniel Defoe',2009,1,'Newtec',52,20,5,1,0),(54,'9788526005570','A literatura no Brasil','Afrânio Coutinho',1997,1,'Global',550,9,3,1,0),(225,'9788526006188','O Povo Pataxó e suas histórias','Angthichay Arariby',2011,1,'Martins Fontes',0,11,2,1,0),(124,'9788526013056','O Coruja','Aluisio Azevedo',2003,1,'Papirus',0,17,1,1,0),(533,'9788526013087','O navio negreiro','Castro Alves',2008,1,'Global',28,5,2,1,0),(509,'9788526013438','Escritos sobre Jornal e educação','Carmen Lozza',2009,1,'Global',127,2,1,1,0),(359,'9788526014312','O pimpinela escarlate','Baronesa Orczy',1985,7,'Editora Nacional',234,20,1,1,0),(545,'9788526024281','Melhores Poemas','Cecilia Meireles',2018,3,'Global',202,5,96,1,0),(141,'9788526216198','Rousseau a educação na infância','Ana Beatriz Cerizara',2008,1,'Contexto',68,6,1,1,0),(294,'9788526263758','brasilbraseiro','Antonio Risério',1993,1,'Ática',0,26,1,1,0),(430,'9788526272002','Teiniaguá','Caio Riter',2006,1,'Scipione',41,7,1,1,0),(807,'9788526272071','Um livro de Horas','Emily Dickinson',2009,1,'Scipione',59,5,1,1,0),(649,'9788526276765','Robinson Crusoé','Daniel Defoe',2014,18,'ABDR',120,11,2,1,0),(20,'9788526279858','Traçados Diversos','Adilson Miguel',2003,1,'Globo',0,4,1,1,0),(749,'9788526283145','Cyrano de Bergerac','Edmond Rostand',2012,14,'Scipione',80,11,1,1,0),(273,'9788526287044','O Guarani','Antônio Carlos Gomes',2020,1,'Scipione',93,5,1,1,0),(205,'9788526290624','Sociedade da Caveira de Cristal','Andréa Del Fuego',1993,1,'Agir',239,44,10,1,0),(274,'9788526291041','O Guarani','Antônio Carlos Gomes',1995,1,'Scipione',197,5,1,1,0),(394,'97885265265126','Terra grávida','Betty Mindlin',2012,3,'Record',279,6,1,1,0),(75,'9788527307611','A música clássica da India','Alberto Marsicano',2000,1,'Cosac Naify',280,10,1,1,0),(341,'9788527307666','Poesia de Recusa','Augusto de Campos',1996,1,'Imprensa Oficial',184,5,2,1,0),(694,'9788528600216','O Santo Inquerito','Dias Gomes',2010,27,'Bertrand Brasil',142,53,2,1,0),(23,'9788528603132','O Forte','Adonias Filho',2003,1,'Intrínseca',334,4,1,1,0),(697,'9788528603170','O Pagador de Promessas','Dias Gomes',2010,51,'Bertrand Brasil',176,53,12,1,0),(298,'9788528606256','Novo Dicionário Geológico-Geomorfológico','Antônio Teixeira Guerra',1993,1,'Avenida Gráfica e Editora',168,26,1,1,0),(528,'9788528610550','Cinco Marias','Carpinejar',2010,5,'Bertrand Brasil',128,5,1,1,0),(91,'9788528615050','Branca como o leite, vermelha como o sangue','Alessandro D´Avenia',0000,1,'Artmed',224,12,1,1,0),(259,'978852908440','Quarup','Antonio Callado',1992,1,'W. Roth',115,5,1,1,0),(806,'9788529403398','Radiação','Emico Okuno',2007,1,'Harbra',81,29,2,1,0),(13,'9788530808013','Educação Física: Cultura e Sociedade','Ademir de Marco',1989,1,'Jorge Zahar',134,4,1,1,0),(108,'9788531600708','O conto brasileiro Contemporaneo','Alfredo Bosi',1997,1,'Cultrix',291,7,3,1,0),(109,'9788531601897','Literatura Brasileira','Alfredo Bosi',2006,1,'Cultrix',567,9,1,1,0),(555,'9788532264800','O salto para a vida','Célia Valente',2008,1,'FTD',127,4,1,1,0),(100,'9788532292506','O Conde de Montecristo','Alexandre Dumas',0000,1,'Cubzac',176,17,1,1,0),(257,'9788532300836',' Missa do Galo: Variações Sobre o Mesmo Tema','Antonio Callado',1975,1,'Bertrand',448,5,1,1,0),(662,'9788532523006','Peixe Grande','Daniel Wallace',2008,1,'Rocco',183,25,1,1,0),(73,'9788532631978','Dimensoes da Avalição Educacional','Alberto de Mello e Souza',2005,1,'Vozes',262,12,1,1,0),(194,'9788532900371','Nas rodas do Progresso','Andre Carvalho',2010,1,'Prensa três',184,44,1,1,0),(253,'9788532901651','A barca dos amantes','Antonio Barreto',2003,1,'Prensa três',152,5,1,1,0),(192,'9788532901767','Direitos dos homens e Criança','Andre Carvalho',2001,1,'A  Pagina',109,44,2,1,0),(193,'9788532904249','Nacionalidade e cidadania','Andre Carvalho',2010,1,'New Wave',32,44,1,1,0),(195,'9788532904652','Sindicalismo','Andre Carvalho',2010,1,'Ática',0,44,1,1,0),(196,'9788533617155','Apresentação da Filosofia - Volume 1','André Comte – Sponville',2000,1,'ABDR',192,44,1,1,0),(392,'9788534226455','Os Natos em deu a louca no mundo','Beto Junqueyra',2009,1,'IBEP',164,11,1,1,0),(802,'9788534514088','A grande esperança','Ellen G.White',2011,2,'Casa Publicadora',105,75,1,1,0),(89,'9788534519533','A única esperança','Alejandro Bullon',0000,1,'Ática',143,12,1,1,0),(801,'9788534523028','Em busca de esperança','Ellen G. White',2016,1,'Casa |Public. Brasileira',80,75,1,1,0),(18,'9788534704182','Enrilé, o Caçador e outro contos africanos','Adilson Martins',2009,1,'Global',86,4,2,1,0),(19,'9788534704199','O papagaio que não gostava de Mentiras e outras fábula africanas','Adilson Martins',2003,1,'global',77,4,2,1,0),(618,'9788534705455','Becos da Memória','Conceição Evaristo',2018,4,'Pallas',190,9,1,1,0),(620,'9788534705462','Ponciá Vivêncio','Conceição Evaristo',2018,4,'Pallas',110,9,1,1,0),(721,'9788534930345','Fernando Pessoa - Antologia Poetica','Douglas Tufano',2009,2,'Paulus',100,5,9,1,0),(123,'9788534930352','Casa de Pensao','Aluisio Azevedo',0000,1,'Hamburg',26,17,5,1,0),(419,'9788535623420','Histórias do avô','Burleigh Mutén',2008,1,'Paulinas',83,11,1,1,0),(35,'9788535628005','Retratos Narrados','Adriano Bitarães Netto',2011,1,'L & PM',250,4,1,1,0),(654,'9788535633047','O carater educativo do movimento indigena','Daniel Munduruku',2012,1,'Paulinas',230,15,3,1,0),(416,'9788535703191','Quimica em casa','Breno Pannia Espósito',2003,1,'Atual',47,50,1,1,0),(74,'9788535901498','Lendo Imagens','Alberto Manguel',2000,1,'Cosac Naify',280,10,1,1,0),(581,'9788535904178','Budapeste','Chico Buarque de Holanda',2003,2,'Companhia das letras',174,26,1,1,0),(823,'9788535906097','Olhai os lirios do campo','Erico Verissimo',2005,4,'Companhia das Letras',285,26,2,1,0),(830,'9788535906882','Biologia, Ciencia Única','Ernst Mayr',2005,1,'Companhia das letras',266,54,1,1,0),(398,'9788535907247','Breve história de quase tudo','Bill Bryson',2005,1,'Companhia das Letras',541,52,1,1,0),(824,'9788535907674','Incidente em Antares','Erico Verissimo',2006,1,'Companhia das Letras',494,26,67,1,0),(138,'9788535909968','De repente nas profundezas do Bosque','Amós Oz',2007,1,'FTD',333,29,5,1,0),(701,'9788535911794','Descobertas Perdidas','Dick Teresi',2008,1,'Companhia das Letras',439,5,2,1,0),(674,'9788535912838','Menino de lugar nenhum','David Mitchell',2008,1,'Companhia das Letras',464,17,1,1,0),(234,'9788535915402','O príncipe medroso e outros contos africanos','Anna Soler-Pont',2009,1,'Salamandra',72,11,1,1,0),(469,'9788535920345','sentimento do mundo','Carlos Drummond de Andrade',2012,1,'Companhia das letras',60,5,1,1,0),(507,'9788536011141','A docencia em História: reflexoes e propostas em açoes','Carmem Zeli de Vargas Gil',2012,1,'Edelbra',168,6,2,1,0),(500,'9788536011165','Artes visuais, música e teatro','Carlos Roberto Modinger',2012,1,'Edelbra',160,2,2,1,0),(667,'9788536317960','Esporte e atividade física na infancia e na adolescencia','Dante de Rose Jr.',2009,2,'ABDR',256,66,1,1,0),(162,'9788536405421','Amigos Secretos','Ana Maria Machado',1999,1,'Companhia das letras',94,6,5,1,0),(407,'9788536808604','Domínio Público','Bram Stoker',2010,1,'DCL',83,9,1,1,0),(104,'9788536822341','este é o lobo','Alexandre Rampazo',2016,1,'CPB',108,17,16,1,0),(240,'9788537800157','As incríveis aventuras e estranhos infortúnios  de Anthony Knivet','Anthony Knivet',2000,1,'Letras & Letras',72,11,1,1,0),(70,'9788537800522','A Evolução da Física','Albert Einstein',1975,1,'Cosac Naify',280,10,1,1,0),(665,'9788537801802','Textos Básicos de Linguagem de Platão a Foucault','Danilo Marcondes',2011,2,'Zahar',138,64,1,1,0),(239,'9788537807286','A historias das coisas','Annie Leonard',2000,1,'Letras & Letras',72,11,1,1,0),(111,'9788538212386','Os trabalhos da mão','Alfredo Bosi',0000,1,'Cosac Naify',280,17,1,1,0),(110,'978853821386','Os trabalhos da mão','Alfredo Bosi',0000,1,'Cosac Naify',280,17,1,1,0),(634,'9788538536901','Meditação Pedagogica','Cristine Weigrs',2009,1,'Positivo',64,23,1,1,0),(525,'9788539004263','O negro no Brasil','Carolina Vianna Dantas',2012,1,'Objetiva',166,61,1,1,0),(524,'97885391439607','A Núpcias do Escorpiao','Carolina Teixeira',2012,1,'Do Autor',135,23,1,1,0),(778,'9788539602636','Alimentos Orgânicos','Elaine de Azevedo',2012,1,'Senac',386,56,1,1,0),(779,'9788539602637','Alimentos Orgânicos','Elaine de Azevedo',2012,1,'Senac',386,56,1,1,0),(728,'9788540501515','A janela de esquina do meu primo','E.T. A Hoffmann',2012,1,'Ipsis',80,8,1,1,0),(471,'9788540501577','Confissões de Minas','Carlos Drummond de Andrade',2012,2,'Cosac Naify',0,9,1,1,0),(703,'9788541810555','A fenda do tempo','Dionisio Jacob',2015,2,'SM',0,11,1,1,0),(670,'9788547233778','Fernando Pessoa e outro pessoas','Davi Fazzolari',2018,2,'Saraiva',80,51,3,1,0),(682,'9788550407852','A Flauta Magica e o Livro da Sabedoria','Del Candeias',2018,2,'Sesi',149,11,3,1,0),(397,'9788550408026','Quando me descobri','Bianca Santana',2018,1,'Sesi – SP',104,9,2,1,0),(213,'9788551000021','Garra','Ângela Duckworth',2001,1,'Hedra',142,11,1,1,0),(711,'9788552707516','A árvore que dava dinheiro','Domingos Pellegrini',2018,1,'ABDR',128,11,1,1,0),(236,'9788553086139','A árvore de cantos','Anne Ballester Soares',2018,1,'Scipione',40,11,6,1,0),(235,'9788553096122','O surgimento dos pássaros','Anne Ballester Soares',2018,1,'Salamandra',95,11,2,1,0),(40,'9788558450530','Histórias mal-assombradas de Portugal e Espanha','Adriano Messias',2007,1,'Lê',0,4,1,1,0),(813,'9788559090031','Canto do Uirapuru','Érica Bombardi',2016,1,'Escrita Fina',156,11,2,1,0),(289,'9788560281053','Os Cus de Judas','Antonio Lobo Antunes',2001,1,'Editora 34',168,26,1,1,0),(29,'9788560772520','Contos Populares Japoneses','Adriana Lisboa',2015,1,'José Olympio',230,4,1,1,0),(773,'9788560791330','A vaca na selva','Edy Lima',2008,11,'Gaudi',109,11,1,1,0),(622,'9788560791347','Meu livro de cordel','Cora Coralina',2008,17,'Gaudi',110,47,1,1,0),(366,'9788560805082','Vida e Obra de Aletrícia depois do Zoroastro','Bartolomeu Campos de Queirós',2009,1,'Uno Educação',80,11,1,1,0),(594,'9788560820184','Historias dos Sugpiaq um povo do Alasca','Claire Merleau-Ponty',2007,1,'Comboio de corda',79,11,1,1,0),(372,'9788560820221','O Colombo de Chelem','Ben Zimet',2007,1,'Comboio de Corda',79,11,1,1,0),(702,'9788560820764','A espada e o novelo','Dionisio Jacob',2009,1,'Comboio da Corda',238,17,1,1,0),(174,'9788560820856','Leituras de escritor','Ana Maria Machado',1999,1,'JC',80,9,1,1,0),(96,'9788561012557','Leitura um jogo de estrategias','Alexandra Mansur',0000,1,'Prensa três',138,65,1,1,0),(197,'9788561018115','O Negrinho Pastoreiro','André Diniz',2003,1,'ABDR',192,44,1,1,0),(822,'9788561041601','Caminhos Cruzados','Erico Verissimo',2010,1,'Claro Enigma',316,26,1,1,0),(95,'9788561096175','Noites Egípcias','Alexander Púchkin',2018,1,'Prensa três',186,72,1,1,0),(664,'9788561141004','Galera em Movimento','Daniele Próspero',2007,1,'Projeto',141,25,2,1,0),(201,'9788561293116','Uma coisa de cada vez','André Resende',2013,1,'Abril',140,44,1,1,0),(840,'9788561501662','O vale de Solombra','Eustáquio Gomes',2013,1,'Geração',165,7,1,1,0),(30,'9788561618124','Vésperas','Adriana Lunardi',2010,1,'José Olympio',230,4,1,1,0),(90,'9788561635497','Os Passos Perdidos','Alejo Carpenter',0000,1,'Artmed',224,12,1,1,0),(198,'9788561695095','O rei do Manacá','André Moura',2003,1,'ABDR',47,44,1,1,0),(443,'9788561730697','Kamazu','Carla Caruso',2011,1,'Mundo Mirim',32,11,1,1,0),(566,'9788561730994','Vida Rima com Cordel','César Obeid',2013,1,'Mundo Mirim',40,47,1,1,0),(772,'9788562060205','Odisseia/Homero','Edy  Lima',2009,1,'Gráfica',72,11,1,1,0),(689,'9788562251099','Ecocidadão','Denise Scabim Pereira',2008,1,'SMA/CEA',116,44,1,1,0),(219,'9788562403835','Foi na primavera','Angela Nanetti',2012,1,'Editora do Brasil',125,11,1,1,0),(456,'9788562403965','Arte na escola: Como estimular um olhar curioso…….','Carlos Arouca',2012,1,'Anzol',120,39,3,1,0),(805,'9788562403972','Ciências nos anos finais do ensino fundamental','Emerson I. Santos',2012,1,'Anzol',119,52,1,1,0),(85,'9788562513138','Grandes Personagens da Literatura Brasileira – Augusto Matraga: o uso das Paixoes','Alcir Pécora',2009,1,'Terra virgem',158,14,2,1,0),(648,'97885625155','Robinson Crusoe','Daniel Defoe',2010,1,'Farol Literário',71,20,1,1,0),(837,'9788562518218','Bicho de sete cabeças e outros seres fantasticos','Eucanaã Ferraz',2010,1,'Boa Viagem',63,11,1,1,0),(526,'9788562518607','As filhas sem nome/ Xinran','Caroline Chang',2012,1,'Boa viagem',290,17,1,1,0),(692,'9788562936562','Contos Reunidos','Deonisio da Silva',2010,1,'Leya',608,7,1,1,0),(21,'9788562978104','Histórias de Carnaval','Adilson Miguel',2009,1,'Globo',0,4,1,1,0),(202,'978856311215','Hitchcoock – Bastidores do suspense','André Sturn',2018,1,'Abril',140,44,1,1,0),(650,'9788563255051','Mãos de cavalo','Daniel Galera',2010,1,'A pagina',189,26,1,1,0),(77,'9788563255556','Em trânsito','Alberto Martins',2012,1,'Cosac Naify',280,10,1,1,0),(481,'9788563277121','Para Ler na Escola','Carlos Heitor Cony',2009,1,'Fontanar',156,13,1,1,0),(59,'9788563382436','A árvore da chuva','Agnes de Lestrade',2008,1,'FTD',127,7,1,1,0),(147,'9788564816237','Aqualtune','Ana Cristina Massa',2012,1,'Editora 34',234,6,1,1,0),(11,'9788565265027','Bagagem','Adélia Prado',2012,1,'Abril',184,3,1,1,0),(393,'9788565265126','Terra grávida','Betty Mindlin',2012,1,'Record',279,6,1,1,0),(570,'9788565332286','Oliver Twist','Charles Dickens',2018,1,'Azougue',368,20,4,1,0),(587,'9788566162639','Chimamanda Ngozi Adiche','Christina Baum',2018,1,'Reviravolta',44,79,2,1,0),(724,'9788566263062','Preconceito contra a origem geografica e de lugar','Durval Muniz de Albuquerque Junior',2012,1,'MMM',136,15,2,1,0),(354,'9788566583328','O Dom da Infância','Baba Wagué Diakité',2018,1,'Rodopio',134,21,1,1,0),(739,'978856659270','O gato preto','O gato preto',2014,1,'Raposa Vermelha',113,11,2,1,0),(67,'9788566642322','Mandela O africano de todas as cores','Alain Serres',2014,1,'Zahar',61,11,1,1,0),(619,'9788567751085','Olhos D´agua','Conceição Evaristo',2018,2,'Pallas',123,7,1,1,0),(418,'9788568387139','Essas pequenas ocasiões que nos fazem quem somos','Bruno Palma e Silva',2018,1,'Hum – Publicações',104,9,3,1,0),(92,'9788568661383','BAMMM!','Alex Lutrus',0000,1,'Prensa três',168,12,3,1,0),(133,'9788569020219','Zumbi Assombra Quem?','Allan da Rosa',2017,1,'Nós',90,9,1,1,0),(148,'9788569470069','Delta um comando para matar','Ana Cristina Melo',2016,1,'FTD',22,6,2,1,0),(149,'9788570195067','Armanda Álvaro Alberto','Ana Crrystina Venancio Mignot',2008,1,'Viajante do tempo',27,6,1,1,0),(557,'9788570195111','Paulo Freire','Celso de Rui Beisiegel',2010,1,'Massangana',128,2,1,1,0),(439,'9788570195272','Darcy Ribeiro','Candido Alberto Gomes',2010,1,'CIP',152,2,1,1,0),(97,'9788570563309','O vendedor de queijos','Alexandre Azevedo',0000,1,'Masp',96,55,1,1,0),(204,'9788570569974','Violência Urbana','Andréa Buoro',1993,1,'Abril',140,44,1,1,0),(666,'9788571105201','Textos básicos de Filosofia de Pré Socraticos a Wittgnstein','Danilo Marcondes',2007,5,'Jorge Zahar',183,64,1,1,0),(3,'9788571105638','20.000 léguas matemática','A.K. Dewdeney',2010,1,'Átomo',0,1,2,1,0),(268,'9788571107502','Retrato de Portinari','Antonio Callado',1990,1,'Saraiva',52,5,1,1,0),(579,'9788571109742','Invenções da Idade Média','Chiara Frugoni',2007,1,'Jorge Zahar',166,77,1,1,0),(32,'9788571109896','Ariano Suassuna: um perfil biográfico','Adriana Victor',2007,1,'José Olympio',248,4,1,1,0),(504,'9788571130500','Sobre a Leitura Marcel Proust','Carlos Vogt',2011,5,'Pontes',66,2,1,1,0),(25,'9788571532977','Meio ambiente em cena','Adriana Angelica Ferreira',2003,1,'João Scortecci',45,4,1,1,0),(787,'9788571532991','O trabalho de campo como estrategia pedagogica no ensino....','Eliano de Souza M. Freitas',2012,1,'RHJ',208,2,3,1,0),(838,'9788571533011','Educar pela Sociologia','Euclides Guimaraes Neto',2012,1,'RHJ',172,37,1,1,0),(747,'9788571605282','Negritude, cinema e educação','Edileuza Penha de Souza',2011,2,'Mazza',184,2,1,1,0),(771,'9788571643734','Diversidade da vida','Edward O. Wilson',1994,1,'Companhia das letras',447,54,1,1,0),(405,'9788571647138','A revolução de 1930','Boris Fausto',1997,1,'Companhia das Letras',159,6,1,1,0),(286,'9788571648968','Iniciação a Literatura Portuguesa','Antonio José Saraiva',1999,1,'Schwarcz',170,19,1,1,0),(687,'9788571649477','O teorema do Papagaio','Denis Guedj',1999,2,'Companhia das Letras',501,17,2,1,0),(190,'9788571806788','A casa de Iolanda','Andre Amado',2001,1,'Oxford',56,25,1,1,0),(153,'9788572290524','I Seminário Internacional de Arquivos de Museus e Pesquisa','Ana Gonçalves Magalhães',2008,1,'W. Roth',31,6,4,1,0),(425,'9788572383202','Amor à Brasileira','Caio Porfirio Carneiro',2008,1,'LGE',132,7,1,1,0),(369,'9788572441421','Como usar outras linguagens na sala de aula','Beatriz Marcondes',2010,6,'Contexto',151,28,1,1,0),(151,'9788572442749','Geografias  de São Paulo: Representação e Crise da Metrópole - V. 1','Ana Fani Alessandri Carlos',2009,1,'Migilim',0,6,1,1,0),(152,'9788572442930','Urbanização de São Paulo','Ana Fani Alessandri Carlos',2008,1,'Ática',159,6,1,1,0),(163,'9788573024494','Como e Porque Ler os Clássicos Universais desde Cedo','Ana Maria Machado',2006,1,'Prensa três',232,6,1,1,0),(140,'9788573029161','Mentes Perigosas','Ana Beatriz Barbosa Silva',2008,1,'Empório do Livro',0,55,1,1,0),(305,'9788573074260','A pratica da Educação','Antonio Zabala',1998,1,'Record',106,33,2,1,0),(575,'9788573077582','Avaliacao Desmitificada','Charles Hadji',2001,1,'ABDR',136,2,1,1,0),(87,'978857311134','Uso inteligente da água','Aldo Rebouças',1994,1,'Ática',16,14,1,1,0),(399,'9788573195873','O mundo de Buster','Bjarne Reuter',2008,1,'Dimensão',184,9,1,1,0),(561,'9788573196986','O nome da fera','Celso Gutfreind',2011,2,'Dimensão',120,7,1,1,0),(794,'9788573198164','Cara senhora minha avó','Elisabeth Brami',2012,1,'Dimensão',51,49,1,1,0),(578,'9788573212556','Contos e Fábulas','Charles Perrault',2007,1,'Iluminuras',221,11,1,1,0),(836,'9788573213416','Poesia é não','Estrela Ruiz Lemimski',2011,1,'Iluminuras',0,5,1,1,0),(119,'9788573213614','Estação dos Bichos','Alice Ruiz S.',2011,1,'Cosac Naify',280,18,1,1,0),(770,'9788573213645','Viagem numa peneira','Edward Lear',2011,1,'Iluminuras',157,5,1,1,0),(333,'978857321395','N.D.A.','Arnaldo Antunes',2000,1,'Ática',0,26,1,1,0),(310,'9788573261974','Tio Petro e a Conjectura de Goldbach','Apostolos Doxiadis',1992,1,'SMA',74,34,3,1,0),(270,'9788573262056','Os parceiros do rio bonito','Antonio Candido',2015,1,'Scipione',47,5,1,1,0),(79,'9788573262865','História da pré-história','Alberto Moravia',2008,1,'Cosac Naify',280,10,1,1,0),(612,'9788573263428','A Botija','Clotilde Tavares',2009,2,'SNE',192,11,1,1,0),(408,'9788573263466','O flautista misterioso e os ratos de Hamelin','Braulio Tavares',2009,1,'Editora 34',71,11,6,1,0),(76,'9788573264289','Uma noite em cinco atos','Alberto Martins',2009,1,'Cosac Naify',280,10,1,1,0),(668,'9788573264715','País sem chapeu','Dany Laferriere',2011,1,'Ed. 34',240,17,1,1,0),(80,'9788573268265','História da pré-história','Alberto Moravia',2008,1,'Cosac Naify',280,10,12,1,0),(267,'9788573841619','Bar do Juan','Antonio Callado',1999,1,'Saraiva',94,5,1,1,0),(609,'9788574058576','O aquecimento Global','Claudio Angelo',2010,2,'Publifolha',120,52,1,1,0),(433,'9788574211688','O outro lado da dança','Caio Riter',2009,2,'Artes e Oficios',175,11,1,1,0),(351,'9788574805603','Brasil: Paisagens de Exceção: o litoral e o Pantanal Mato-Grossense: Patrimônios Básicos','Aziz Nacib A´Saber',2006,1,'ABDR',71,16,1,1,0),(681,'9788574805610','O que é comunicação poética','Decio Pignatari',2011,1,'Atelie',66,58,2,1,0),(710,'9788574927471','Contos Antologicos','Domingos Pellegrikni',2006,1,'Nova Alexandria',197,7,1,1,0),(511,'9788574960142','Corpo e História','Carmen Lúcia Soares',2011,4,'CBL',184,54,1,1,0),(458,'9788574960241','Furundum!','Carlos Brandão',2013,5,'Ciranda de Letras',0,5,1,1,0),(379,'9788574963174','O trabalho docente: avaliação, valorização, controversias','Bernardete A. Gatti',2013,1,'ABDR',248,2,1,1,0),(242,'9788575032466','Kachtanka','Anton Tchekhov',2008,1,'Moderna',264,20,1,1,0),(568,'9788575032602','Belvedere','Chacal Belbedere',2007,2,'Cosac Naify',384,5,1,1,0),(175,'9788575037911','Sinais do Mar','Ana Maria Machado',1999,1,'JC',80,9,1,1,0),(442,'9788575038642','Av. Paulista','Carla Café',2009,2,'Cosac Naify',64,11,1,1,0),(22,'9788575039434','Histórias Fantásticas','Adolfo Bioy Casares',2003,1,'Globo',0,4,3,1,0),(361,'9788575039939','Vermelho amargo','Bartolomeu Campos de Queiros',2012,1,'Cosac Naify',71,11,1,1,0),(395,'9788575130684','Conversando com seu anjo da Guarda','Bezerra de Menezes',2007,1,'Elevação',141,75,1,1,0),(831,'9788575206843','Corpo Humano','Esem P Cerqueira',2000,1,'Cirando Cultural',32,54,3,1,0),(767,'9788575262658','Textos de rua','Eduardo Moreira ',2009,2,'Autentica',84,30,1,1,0),(420,'9788575262689','Um Moliere Imaginario','Cacá Brandão',2009,1,'Autentica',93,53,1,1,0),(215,'9788575263440','A poesia na Estrada Real','Angela Leite de Souza',2009,1,'Ediouro',253,11,1,1,0),(38,'9788575265703','Coletivo 21','Adriano Macedo',1994,1,'Landy',0,4,1,1,0),(602,'9788575294222','Adolfo Caminha','Claudia Albuquerque',2009,2,'Demócrito Rocha',92,4,1,1,0),(93,'9788575421437','A Boa Sorte','Álex Rovira Celma',0000,1,'Relume-Dumará',185,72,1,1,0),(447,'9788575776254','Monodrama','Carlito Azevedo',2009,1,'7 Letras',152,5,1,1,0),(61,'9788575961179','Vento, areia e amoras bravas','Agustina Bessa-Luís',2003,1,'Record',79,7,6,1,0),(203,'9788576163183','Os brasileiros','André Toral',2009,1,'Abril',140,44,1,1,0),(565,'9788576511458','Ciclo da lua','César Magalhaes Borges',2011,3,'Plêiade',94,5,85,1,0),(424,'9788576551959','Praticas pedagogicas reflexivas','Caio Martins Costa',2008,1,'Phorte',183,2,1,1,0),(37,'9788576552284','Jogos Educativos Estrutura e Organização Prática','Adriano J. Rosseto Jr.',2000,1,'Lacerda Editores',254,4,1,1,0),(99,'9788576553212','Material de Apoio','Alexandre dos Santos Figueira',0000,1,'Francisco Alves',181,17,1,1,0),(334,'9788576571551','2001 Uma odisseia no espaço','Arthur Clarke',2000,1,'Atual',63,17,16,1,0),(41,'9788576701804','A história e a química do fogo','Aécio Pereira Chagas',1995,1,'Lê',0,4,1,1,0),(569,'9788576731474','O desejo de pintar','Charles Baudelaire',2008,1,'Noovha America',47,28,59,1,0),(210,'9788576750383','Terra vermelha, rio amarelo','Ange Zhang',2005,1,'Vieira e Lent',144,11,1,1,0),(512,'9788576754022','Iniciação ao estudo didático da álgebra','Carmen Sessa',2009,1,'SM',107,23,1,1,0),(375,'9788576754534','Gauguin e as cores dos tropicos','Berenice Capatti',2009,1,'SM',0,11,1,1,0),(632,'9788576759843','Educação Patrimonial no ensino de história noa anos finais','Cristina Reis Figueira',2012,1,'ABDR',173,6,1,1,0),(492,'9788576842934','O pescador de latinhas','Carlos Herculano Lopes',2008,2,'Best Seller',109,26,1,1,0),(470,'9788576844471','Contos plausiveis','Carlos Drummond de Andrade',2009,9,'ABDR',207,7,1,1,0),(740,'9788576846093','Era uma vez à meia noite','Edgar Allan Poe',2012,1,'Best Seller',221,11,1,1,0),(82,'9788576861645','O trono da Rainha Jinga','Alberto Mussa',2009,1,'Cosac Naify',280,10,1,1,0),(357,'9788576950288','Como faziamos sem.../','Barbara Soalheiro',2006,1,'Panda Books',143,78,1,1,0),(834,'9788577060368','Pedagogia da mùsica','Esther Beyer ',2009,1,'Mediação',160,70,1,1,0),(600,'9788577060481','Diversificando em Quimica','Claudete Reichelt Ely',2013,2,'Mediação',136,50,1,1,0),(530,'9788577060764','Educação Ambiental-','Cassiano Pamplona Lisboa',2012,1,'Mediação',144,45,1,1,0),(586,'9788577230402','No reino da pontuação','Christian Morgenstern',2010,1,'Berlendis e Vetecchia',0,5,1,1,0),(94,'9788577230464','O Pássaro de Fogo: Contos Populares da Rússia','Alexander Afassiev',0000,1,'Relume-Dumará',185,72,1,1,0),(409,'9788577342037','Paginas do futuro','Braulio Tavares',2011,1,'Casa da Palavra',80,7,1,1,0),(223,'9788577381029','Livro Vermelho da fauna brasileira ameaçada de extinção','Angelo Barbosa',2008,1,'Globo',0,11,2,1,0),(322,'9788577530915','Para ler o Pato Donald','Ariel Dorfaman',1995,1,'Agir',186,30,1,1,0),(727,'9788577531691','A formação da classe operaria inglesa','E.P.Thompson',2011,6,'Paz e Terra',255,37,1,1,0),(135,'9788577830398','Sociologia','Amaury César Moraes',2010,1,'Record',240,63,1,1,0),(627,'9788577830404','Explorando o ensino de Espanhol','Cristiano Silva de Barros',2010,1,'Brasília',292,68,1,1,0),(467,'9788577991600','Nova Reunião 1 – 23 livros de poesias','Carlos Drummond de Andrade',2001,7,'BestBolso',418,5,49,1,0),(800,'9788578160081','Biodiversidade no Brasil','Elizabeth Oliveira',2008,1,'Terceiro Nome',107,73,2,1,0),(309,'9788578160173','Tatuagem','Apoenan Rodrigues',2006,1,'Siciliano',75,34,1,1,0),(605,'9788578388652','Educação de jovens e adultos','Cláudia Regina de Paula',2011,1,'IBPEX',94,2,2,1,0),(548,'9788578412180','A mulher que subiu ao céu','Célia Cris Silva',2009,1,'Aymará',40,11,1,1,0),(621,'9788578413835','Arte e educação: há um lugar para a arte no ensino médio','Consuelo Achlinchta',2009,1,'Aymará',143,39,1,1,0),(783,'9788578417802','Geografia em ação: praticas em climatologia','Eliane Ferretti',2012,1,'Aymará',127,38,3,1,0),(208,'9788578440435','Jogos divertidos para aula de Ingles','Andreza Lado',2010,1,'DISAL',95,41,1,1,0),(688,'9788578441050','Ensino de Lingua Inglesa','Denise Santos',2012,1,'Disal',343,41,2,1,0),(39,'9788578450530','Histórias mal-assombradas de Portugal e Espanha','Adriano Messias',1993,1,'Lê',0,4,2,1,0),(590,'9788578495213','Sabores da Leitura','Cilza Bignotto',2012,1,'CES',52,11,8,1,0),(290,'9788578610142','História da matemática  em atividade didáticas','Antonio Miguel',1969,1,'Editora 34',168,26,1,1,0),(36,'9788578700256','Um certo Livro de areia','Adriano Bitarães Netto',2012,1,'L & PM',132,4,1,1,0),(429,'9788578780820','Eu e o silencio do meu pai','Caio Riter',2011,1,'Biruta',93,11,1,1,0),(134,'978857887360','Rastros de Resistencia','Ale Santos',2019,1,'Panda Books',133,6,1,1,0),(506,'9788578881016','Nossa pátria, nossa língua','Carmem Lucia da Silva',2007,1,'Panda Books',88,28,1,1,0),(34,'9788579052354','Ensinar e aprender História: Histórias em quadrinhos e cançoes','Adriane de Quadros Sobanski',2009,1,'Kalinka',144,4,1,1,0),(515,'9788579134187','Valores economicos','Carolina de Aragão Escher',2020,2,'Adonis',152,69,1,1,0),(453,'9788579303104','Chica, Sinhá!','Carlos Alberto de Carvalho',2012,1,'Universo dos livros',191,11,1,1,0),(156,'9788579340321','Letramento de Reesistência','Ana Lúcia Silva Souza',2011,1,'Parabola',170,39,2,1,0),(663,'9788579800474','Espetinho de Gafanhoto, nem pensar','Daniela Chindler',2011,1,'Rocco',101,11,1,1,0),(51,'9788580440928','Os livros que devoraram meu pai','Afonso Cruz',2000,1,'Oxford',56,7,1,1,0),(796,'9788580580075','Por um novo ensino de gramatica','Elisia Paixao de Campos',2014,1,'Cânone',224,28,1,1,0),(672,'9788580720266','Nina','David Ausloos',2012,2,'Comboio das cordas',0,11,1,1,0),(673,'9788581660059','Duelo','David Grossman',2012,1,'Claro Enigma',135,11,1,1,0),(191,'978858166202','Cidadania um projeto em construção','André Botelho',2012,1,'Claro Enigma',147,44,3,1,0),(211,'9788584290239','Educação na era digital','Ángel I. Perez Gómez',2001,1,'Hedra',142,11,1,1,0),(431,'9788585500801','Viagem ao redor de Felipe','Caio Riter',2009,2,'Impresso do Brasil',64,21,1,1,0),(179,'9788585689834','Surdez na Linguagem','Ana Paula Santana',2007,1,'Ática',84,11,2,1,0),(558,'9788585819026','Avaliação','Celso dos S. Vasconcellos',2010,19,'Libertad',133,28,1,1,0),(560,'9788585819095','Coordenação do trabalho Pedagogico','Celso dos S. Vasconcellos',2010,13,'Libertad',213,2,1,1,0),(221,'9788586055096','Ciência hoje na escola, 8 - Matemática','Angela Ramalho Vianna',2013,1,'Escritura',748,11,1,1,0),(262,'978858616166570','Uma rede de Iemanjá','Antonio Callado',1975,1,'Pinacoteca',0,5,1,1,0),(261,'9788586166679','Reflexão do baile','Antonio Callado',2006,1,'Virtual',0,5,1,1,0),(540,'9788586166716','Mar Absoluto/ Retrato Natura','Cecilia Meireles',2008,1,'frente',299,5,1,1,0),(365,'9788586218361','Antes e Depois','Bartolomeu Campos de Queirós',2006,1,'Manati',48,11,1,1,0),(523,'9788586624827','Etanol e Biodiesel','Carolina Roberta Alves de Matos',2011,1,'SMA',104,52,1,1,0),(311,'9788586684841','Agricultura Sustentável','Araci Kamiyama',2011,1,'Ediouro',190,35,1,1,0),(370,'9788587420923','Resíduos','Beatriz Monteiro da Cunha',2010,1,'Evoluir',31,16,1,1,0),(604,'9788587556851','Água, urgente!','Claudia Piccazio',2007,1,'Terceiro Nome',94,54,3,1,0),(552,'9788587564283','Espaço & Forma','Celia Maria Carolino',2012,2,'Proem',266,23,1,1,0),(106,'9788587728548','Você já escutou o Silêncio?','Alexandre Spinelli',2009,1,'DCL',54,17,1,1,0),(611,'9788588456518','Portugues no ensino medio e formação do professor','Clecio Bunzen',2006,3,'ABDR',255,28,1,1,0),(704,'9788588678217','Aventura Adaptada','Dirceu Pereira Junior',2016,1,'Áurea',94,15,1,1,0),(277,'9788588757196','Cancioneiro Tom Jobim','Antonio Carlos Jobim',1986,1,'Iluminuras',123,5,1,1,0),(597,'9788588771130','A Bela e a fera','Clarice Lispector',2010,1,'Sociedade Literária',110,7,1,1,0),(43,'9788588771260','Sisifo desce  montanha','Affonso Romano de SantÀnna',2000,1,'Perspectiva',0,4,1,1,0),(269,'9788588777408','Literatura e Sociedade','Antonio Candido',1992,1,'Scipione',0,5,2,1,0),(266,'9788588777538','Vários Escritos','Antonio Callado',1966,1,'Saraiva',74,5,1,1,0),(207,'9788588782332','Fala Sério!','Andrea Teixeira Matheus',2006,1,'ABDR',192,44,1,1,0),(276,'97885888757196','Cancioneiro Tom Jobim','Antonio Carlos Jobim',2011,1,'Atelie',248,5,1,1,0),(255,'9788589239813','Vagalovinis','Antonio Barreto',1975,1,'Ática',0,5,1,1,0),(232,'9788589496209','Premio Masp de Artes Visuais 2012','Anna Maria Maiolino',1979,1,'Relume Dumará',185,11,1,1,0),(628,'9788589537803','Sociologia Eja','Cristiano Tolomio',2009,1,'Suplegraf',63,60,1,1,0),(199,'9788589617291','Lã de Vidro','André Moura',2009,1,'ABDR',192,44,1,1,0),(725,'9788589885186','Os ratos','Dyonelio Machado',2004,1,'Planete do Brasil',207,26,1,1,0),(65,'9788591650743','Juntos & Misturados','Alan Almario',2015,1,'Ed. do autor',98,11,1,1,0),(413,'97885943110203','Mendax – O ladrão de historias','Breno Fernandes',2017,1,'FB Publicações',128,26,1,1,0),(414,'9788594311023','Mendax – O ladrão de historias','Breno Fernandes',2017,1,'FB Publicações',127,26,1,1,0),(812,'9788599102411','Um canudinho para dois','Éric Sanvaison',2007,1,'Martins Fontes',43,11,1,1,0),(287,'9788599102756','As comédias de Antonio José, o Judeu','Antônio José da Silva',2007,1,'Editora 34',234,26,1,1,0),(264,'978859912309','O tesouro de Chica da Silva','Antonio Callado',1974,1,'Saraiva',272,5,1,1,0),(182,'9788599188132','A caminho de casa','Ana Tortosa',2012,1,'Ática',48,11,1,1,0),(241,'97886540500877','O Assassinato e Outras Histórias','Anton Chekhov',2018,1,'Leya',112,11,34,1,0),(62,'97887113146','A Sibila','Agustina Bessa-Luís',2000,1,'ABDR',192,10,1,1,0),(319,'97888503007177','O casamento suspeito','Ariano Suassuna',2006,1,'Jose Olympio',80,30,1,1,0),(745,'97888528607642','A cabeça bem feita','Edgar Morin',2009,16,'Bertrand do Brasil',128,2,1,1,0),(173,'9788856377268','Infâmia','Ana Maria Machado',1973,1,'JC',128,9,1,1,0),(445,'97888587556905','Abuso sexual, pornografia','Carla Leiner',2007,1,'Terceiro nome',97,55,1,1,0),(335,'99788510069588','As aventuras de Sherlock Holmes','Arthur Conan Doyle',2003,1,'Usp',251,32,1,1,0),(284,'99788524911767','A flor da pele','Antonio Gil Neto',2008,1,'Avenida Gráfica e Editora',168,26,1,1,0),(633,'99788576759843','Educação Patrimonial no ensino de história noa anos finais','Cristina Reis Figueira',2012,1,'SM',175,6,1,1,0),(216,'99788581660073','Fotografando Verger','Angela Luhning',2004,1,'Editora do Brasil',74,11,1,1,0);
/*!40000 ALTER TABLE `livros` ENABLE KEYS */;
UNLOCK TABLES;

--
-- Table structure for table `login`
--

DROP TABLE IF EXISTS `login`;
/*!40101 SET @saved_cs_client     = @@character_set_client */;
/*!50503 SET character_set_client = utf8mb4 */;
CREATE TABLE `login` (
  `idlogin` int NOT NULL AUTO_INCREMENT,
  `iduser` int DEFAULT NULL,
  `usuario` varchar(15) NOT NULL,
  `senha` varchar(32) DEFAULT NULL,
  `idtipo_usuario` int NOT NULL,
  `delrg` tinyint(1) DEFAULT '0',
  PRIMARY KEY (`idlogin`),
  UNIQUE KEY `usuario` (`usuario`),
  KEY `iduser` (`iduser`),
  KEY `tipo_usuario` (`idtipo_usuario`),
  CONSTRAINT `login_ibfk_1` FOREIGN KEY (`iduser`) REFERENCES `usuarios` (`iduser`),
  CONSTRAINT `login_ibfk_2` FOREIGN KEY (`idtipo_usuario`) REFERENCES `tipos_usuario` (`idtipo_usuario`)
) ENGINE=InnoDB AUTO_INCREMENT=8 DEFAULT CHARSET=utf8mb4 COLLATE=utf8mb4_0900_ai_ci;
/*!40101 SET character_set_client = @saved_cs_client */;

--
-- Dumping data for table `login`
--

LOCK TABLES `login` WRITE;
/*!40000 ALTER TABLE `login` DISABLE KEYS */;
INSERT INTO `login` VALUES (1,1,'admin','21232f297a57a5a743894a0e4a801fc3',1,0),(2,2,'yuri','9491876179d7a80bb5c86f15dbe31422',1,0),(3,3,'marcelo','995bf053c4694e1e353cfd42b94e4447',1,0),(4,4,'sumaia','a9841edece4542921522ad28b4a7f5c3',1,0),(5,5,'vinicius','7fa81ff5e6a88a34ca2392240268c68f',1,0),(6,6,'aluno','ca0cd09a12abade3bf0777574d9f987f',3,0),(7,7,'professor','3f9cd3c7b11eb1bae99dddb3d05da3c5',2,0);
/*!40000 ALTER TABLE `login` ENABLE KEYS */;
UNLOCK TABLES;

--
-- Table structure for table `tipos_usuario`
--

DROP TABLE IF EXISTS `tipos_usuario`;
/*!40101 SET @saved_cs_client     = @@character_set_client */;
/*!50503 SET character_set_client = utf8mb4 */;
CREATE TABLE `tipos_usuario` (
  `idtipo_usuario` int NOT NULL AUTO_INCREMENT,
  `tipo_usuario` varchar(30) DEFAULT NULL,
  `administrar_usuarios` tinyint(1) DEFAULT '0',
  `administrar_livros` tinyint(1) DEFAULT '0',
  `administrar_emprestimos` tinyint(1) DEFAULT '0',
  `limite_livros_emprestimo` int NOT NULL DEFAULT '0',
  `limite_dias_emprestimo` int NOT NULL DEFAULT '15',
  `ativo` tinyint(1) DEFAULT '1',
  `delrg` tinyint(1) DEFAULT '0',
  PRIMARY KEY (`idtipo_usuario`)
) ENGINE=InnoDB AUTO_INCREMENT=4 DEFAULT CHARSET=utf8mb4 COLLATE=utf8mb4_0900_ai_ci;
/*!40101 SET character_set_client = @saved_cs_client */;

--
-- Dumping data for table `tipos_usuario`
--

LOCK TABLES `tipos_usuario` WRITE;
/*!40000 ALTER TABLE `tipos_usuario` DISABLE KEYS */;
INSERT INTO `tipos_usuario` VALUES (1,'Administrador',1,1,1,999,30,1,0),(2,'Professor',0,0,0,10,30,1,0),(3,'Aluno',0,0,0,3,15,1,0);
/*!40000 ALTER TABLE `tipos_usuario` ENABLE KEYS */;
UNLOCK TABLES;

--
-- Table structure for table `usuarios`
--

DROP TABLE IF EXISTS `usuarios`;
/*!40101 SET @saved_cs_client     = @@character_set_client */;
/*!50503 SET character_set_client = utf8mb4 */;
CREATE TABLE `usuarios` (
  `iduser` int NOT NULL AUTO_INCREMENT,
  `cpf` varchar(14) CHARACTER SET utf8mb4 COLLATE utf8mb4_0900_ai_ci NOT NULL,
  `nome` varchar(30) DEFAULT NULL,
  `sobrenome` varchar(70) DEFAULT NULL,
  `data_nascimento` date DEFAULT NULL,
  `sexo` enum('M','F') DEFAULT NULL,
  `email` varchar(90) DEFAULT NULL,
  `cep` varchar(9) DEFAULT NULL,
  `rua` varchar(70) DEFAULT NULL,
  `num` varchar(10) DEFAULT NULL,
  `complemento` varchar(10) DEFAULT NULL,
  `bairro` varchar(60) DEFAULT NULL,
  `estado` varchar(2) DEFAULT 'SP',
  `cidade` varchar(50) DEFAULT 'São Paulo',
  `ativo` tinyint(1) DEFAULT '1',
  `delrg` tinyint(1) DEFAULT '0',
  PRIMARY KEY (`cpf`),
  UNIQUE KEY `iduser` (`iduser`)
) ENGINE=InnoDB AUTO_INCREMENT=8 DEFAULT CHARSET=utf8mb4 COLLATE=utf8mb4_0900_ai_ci;
/*!40101 SET character_set_client = @saved_cs_client */;

--
-- Dumping data for table `usuarios`
--

LOCK TABLES `usuarios` WRITE;
/*!40000 ALTER TABLE `usuarios` DISABLE KEYS */;
INSERT INTO `usuarios` VALUES (2,'22272416837','Yuri','Prado Alves de Freitas','1900-01-01','M','maluly.biblidev@gmail.com','05752590','Estrada dos Mirandas','40','','Jardim Maria Duarte','SP','São Paulo',1,0),(4,'24561896805','Sumaia','Alves dos Santos','1900-01-01','F','maluly.biblidev@gmail.com','05752590','Estrada dos Mirandas','40','','Jardim Maria Duarte','SP','São Paulo',1,0),(7,'25338120801','Professor','Biblidev','1900-01-01','F','maluly.biblidev@gmail.com','03714010','Rua Zumbi','789','','Vila Mesquita','SP','São Paulo',1,0),(6,'65530151809','Aluno','Biblidev','1900-01-01','M','maluly.biblidev@gmail.com','05109180','Rua Rui Porto','179','','Chácara São João','SP','São Paulo',1,0),(1,'76083350840','Maluhy','Biblidev','1900-01-01','M','maluly.biblidev@gmail.com','05752590','Estrada dos Mirandas','40','','Jardim Maria Duarte','SP','São Paulo',1,0),(3,'79299066809','Marcelo','Lazaro de Oliveira','1900-01-01','M','maluly.biblidev@gmail.com','05752590','Estrada dos Mirandas','40','','Jardim Maria Duarte','SP','São Paulo',1,0),(5,'95328975855','Vinícius','Alcaras Pelegrini','1900-01-01','M','maluly.biblidev@gmail.com','05752590','Estrada dos Mirandas','40','','Jardim Maria Duarte','SP','São Paulo',1,0);
/*!40000 ALTER TABLE `usuarios` ENABLE KEYS */;
UNLOCK TABLES;
/*!40103 SET TIME_ZONE=@OLD_TIME_ZONE */;

/*!40101 SET SQL_MODE=@OLD_SQL_MODE */;
/*!40014 SET FOREIGN_KEY_CHECKS=@OLD_FOREIGN_KEY_CHECKS */;
/*!40014 SET UNIQUE_CHECKS=@OLD_UNIQUE_CHECKS */;
/*!40101 SET CHARACTER_SET_CLIENT=@OLD_CHARACTER_SET_CLIENT */;
/*!40101 SET CHARACTER_SET_RESULTS=@OLD_CHARACTER_SET_RESULTS */;
/*!40101 SET COLLATION_CONNECTION=@OLD_COLLATION_CONNECTION */;
/*!40111 SET SQL_NOTES=@OLD_SQL_NOTES */;

-- Dump completed on 2021-11-22 23:23:58
